Iteration,fit_time,loss,evaluate_time,recall,ndcg,precision
0,0.0,0.0,0.0,[0.00038648],[0.00025876],[0.00016746]
1,33.41069269180298,0.6923532212021375,7.746127605438232,[0.01152744],[0.00856561],[0.00355851]
2,33.65915298461914,0.6880178009018754,7.706580400466919,[0.03880955],[0.02711159],[0.01271351]
3,33.9013991355896,0.6717515015842939,7.585353851318359,[0.04548678],[0.03124117],[0.01500435]
4,33.9244282245636,0.630191908641295,7.531111717224121,[0.04435702],[0.03073198],[0.01490053]
5,33.93876886367798,0.5648443850905004,7.649446249008179,[0.04301077],[0.03006204],[0.01456561]
6,35.91313195228577,0.4926877221976868,8.98795485496521,[0.04240852],[0.03002367],[0.01445341]
7,39.207008838653564,0.4280600762276938,10.947537183761597,[0.04311524],[0.03063105],[0.01473307]
8,48.07870602607727,0.37527822537554634,14.040103673934937,[0.04444465],[0.031749],[0.01519358]
9,38.6585955619812,0.3329497949794085,11.747604131698608,[0.04709896],[0.03345256],[0.01609116]
10,34.50093412399292,0.29905540940135417,7.711634635925293,[0.05121294],[0.03592464],[0.01738395]
11,39.29388689994812,0.2713114951144565,15.862820625305176,[0.0544716],[0.03833656],[0.01837196]
12,38.71292281150818,0.24832206633355883,14.525352001190186,[0.05708417],[0.04054083],[0.019226]
13,41.83162212371826,0.22959566056126296,10.647633790969849,[0.06004899],[0.04329908],[0.02012526]
14,35.912312030792236,0.2141213316959564,9.08478856086731,[0.06314914],[0.04616701],[0.0210061]
15,40.774696350097656,0.20054939009173953,8.203332901000977,[0.06574338],[0.04864257],[0.02174627]
16,43.088581562042236,0.18861426586153532,17.1680645942688,[0.06856891],[0.05117513],[0.02246802]
17,37.210410594940186,0.17861159864549686,14.222602128982544,[0.07080831],[0.0535168],[0.02307422]
18,41.71451234817505,0.16987431719146592,14.851179838180542,[0.0726852],[0.05590305],[0.02360339]
19,40.389617919921875,0.16242180072297954,8.805474042892456,[0.0743888],[0.05775313],[0.02406055]
20,42.32509446144104,0.15521482197624265,13.25432562828064,[0.07599684],[0.05992234],[0.02446915]
21,36.85742473602295,0.14957698889904553,9.11555814743042,[0.07766175],[0.06191357],[0.02491292]
22,38.02100682258606,0.1440973427109044,8.130807638168335,[0.0787481],[0.0637252],[0.02523277]
23,48.06940722465515,0.140095531996904,11.83625054359436,[0.08004697],[0.06566795],[0.0255995]
24,38.24102592468262,0.13553948961950915,9.730661869049072,[0.08141971],[0.0672817],[0.02596959]
25,41.5858268737793,0.13176104388754778,11.162180423736572,[0.08244368],[0.06857751],[0.02627102]
26,37.09813451766968,0.12796502688316383,8.205120325088501,[0.08350117],[0.06986931],[0.0265557]
27,41.1449499130249,0.12467384321445768,13.570108890533447,[0.08448685],[0.07097091],[0.026832]
28,40.891091108322144,0.1218372600134274,11.952856540679932,[0.08543126],[0.07200441],[0.02709324]
29,40.40090727806091,0.11948115961870762,10.286701202392578,[0.0864304],[0.07292527],[0.02736955]
30,37.230605125427246,0.11656697132069656,11.448855876922607,[0.08728673],[0.07377222],[0.02764251]
31,39.69143033027649,0.11392042996606441,10.67206859588623,[0.08799241],[0.0743301],[0.02784178]
32,47.45012950897217,0.1126800694625185,8.23213267326355,[0.08890912],[0.07515175],[0.02810637]
33,41.706116914749146,0.1099815092454053,9.90609097480774,[0.08950709],[0.0758669],[0.0283023]
34,38.083014726638794,0.10813373712954497,14.846279621124268,[0.09024174],[0.07648925],[0.02850492]
35,35.813655376434326,0.10648172312989981,8.13956594467163,[0.09087832],[0.0772179],[0.02874272]
36,41.035988569259644,0.10460971499031241,9.279426336288452,[0.09156938],[0.07783022],[0.0289286]
37,40.082677602767944,0.10253640241695172,7.979109525680542,[0.09210009],[0.07841296],[0.0291195]
38,41.75557065010071,0.10146590615763809,9.259378671646118,[0.09269761],[0.07907571],[0.02927691]
39,41.21567916870117,0.10033193224984588,8.080216884613037,[0.09333191],[0.07966189],[0.02948456]
40,37.426785469055176,0.0983966953412752,9.789084196090698,[0.0938946],[0.08016288],[0.02967881]
41,39.869439125061035,0.09729455249628635,9.228308200836182,[0.09448048],[0.08062012],[0.02983957]
42,37.123422622680664,0.09562220531656887,9.004910230636597,[0.09506707],[0.08126811],[0.03003885]
43,35.631051540374756,0.09458105858754028,8.912630796432495,[0.09560776],[0.08182302],[0.03020631]
44,42.778886556625366,0.09389122338457541,8.025285720825195,[0.09606673],[0.08224428],[0.03034698]
45,42.02300548553467,0.09245913434359762,7.910880088806152,[0.09663144],[0.08275338],[0.03052281]
46,36.120856285095215,0.09115002200835282,9.4942045211792,[0.09738326],[0.08327643],[0.03071036]
47,37.42145085334778,0.0909516942508594,7.921964883804321,[0.09779897],[0.08366372],[0.03085438]
48,39.78548979759216,0.08974548592937714,17.65388512611389,[0.09838947],[0.08416152],[0.03103356]
49,38.32056736946106,0.08944734439931133,7.921799421310425,[0.09902782],[0.08462673],[0.03123284]
50,36.871220111846924,0.08746267945477457,7.939453363418579,[0.09946397],[0.08508261],[0.03136178]
51,41.164560317993164,0.08688233518088707,7.881646633148193,[0.10002181],[0.08551727],[0.03155268]
52,40.990740060806274,0.08576355799280032,9.235431909561157,[0.10054938],[0.08596171],[0.03172349]
53,43.60726451873779,0.0850494530503497,7.8658530712127686,[0.10108652],[0.08637908],[0.03185913]
54,39.78637361526489,0.08478614791399902,10.09570837020874,[0.10151476],[0.08672328],[0.03197635]
55,35.20315098762512,0.08365436404416657,7.567862033843994,[0.10203962],[0.08716762],[0.03212204]
56,33.91247081756592,0.08285656114193526,10.416996955871582,[0.10245786],[0.08753028],[0.03224764]
57,46.4960732460022,0.08284768718059617,12.853095293045044,[0.10302561],[0.08790436],[0.03239835]
58,45.388428688049316,0.08117313071558571,10.308477401733398,[0.10340138],[0.08827653],[0.03254237]
59,43.777912616729736,0.08091425801617931,12.494852304458618,[0.10409628],[0.0887557],[0.03274164]
60,41.25338816642761,0.07962639460509474,10.746656656265259,[0.10479513],[0.08923092],[0.03294092]
61,56.58318257331848,0.07967282137410207,12.456990480422974,[0.10519861],[0.08955335],[0.03306819]
62,39.34741950035095,0.07910354036574412,11.173284769058228,[0.10569393],[0.08995879],[0.03320718]
63,47.44411253929138,0.07830300146356375,10.84880518913269,[0.10631577],[0.09040628],[0.03337799]
64,48.021892070770264,0.07766381043451603,17.64327049255371,[0.10660763],[0.09072595],[0.03347344]
65,45.38224124908447,0.0774147929905942,10.703482866287231,[0.10720856],[0.09118318],[0.03363755]
66,42.723780393600464,0.07707478305456614,10.689092636108398,[0.10754212],[0.09150966],[0.03374975]
67,43.605350732803345,0.07615114289401757,11.79447865486145,[0.1079108],[0.09185635],[0.0338586]
68,44.95654654502869,0.07476804843830942,10.894130945205688,[0.10831328],[0.0922023],[0.03399759]
69,43.91483020782471,0.07521157819928244,11.522013664245605,[0.10894989],[0.09255786],[0.034155]
70,44.584280490875244,0.07416913393094685,11.687877178192139,[0.10939182],[0.09295037],[0.03429064]
71,44.03175210952759,0.07450918445006163,10.090060234069824,[0.10986917],[0.0932224],[0.03441289]
72,45.213176012039185,0.0739611466462263,10.821292638778687,[0.11031708],[0.09348703],[0.03451504]
73,43.10671353340149,0.07320371437629666,10.314234256744385,[0.11061151],[0.09378287],[0.03462556]
74,41.22466206550598,0.07282795392992822,11.779738426208496,[0.11088083],[0.09393258],[0.03468752]
75,42.03009653091431,0.07197881146625738,19.660978317260742,[0.11146772],[0.09435811],[0.03487173]
76,43.00796604156494,0.07190042074694476,12.041691303253174,[0.11185877],[0.09459837],[0.03499565]
77,44.294206380844116,0.07137143483968696,10.976359605789185,[0.11226456],[0.09490644],[0.03512292]
78,41.52542781829834,0.07065911455587907,10.582727909088135,[0.11265803],[0.09518314],[0.03525688]
79,53.54556059837341,0.06970467075065832,13.601413488388062,[0.11298074],[0.09548092],[0.03535401]
80,39.44549894332886,0.06939693736947244,9.891991138458252,[0.11350805],[0.09585864],[0.03548295]
81,40.42883825302124,0.06960489168161094,9.72908091545105,[0.11378645],[0.09606511],[0.0355784]
82,43.633955240249634,0.06875131165401803,11.41277527809143,[0.11418728],[0.09639096],[0.03568558]
83,42.557847023010254,0.06872787655829782,11.932656288146973,[0.11447798],[0.09669064],[0.03575089]
84,50.040419816970825,0.06836777459830046,19.404531955718994,[0.1148125],[0.09702961],[0.03583127]
85,42.256062746047974,0.06789334176691493,11.319613218307495,[0.1152549],[0.09741997],[0.03593342]
86,42.93961429595947,0.06752024525117994,12.844763278961182,[0.11565973],[0.0976768],[0.03605734]
87,47.32206630706787,0.06707638220842739,10.91865873336792,[0.11586271],[0.09785838],[0.0360992]
88,43.52494668960571,0.06658494230736085,10.93036937713623,[0.11625527],[0.09812396],[0.03617958]
89,41.17609739303589,0.06610828401012854,10.653559923171997,[0.11646409],[0.09831696],[0.0362315]
90,42.78664493560791,0.06525265734003048,10.548077821731567,[0.11698937],[0.09864051],[0.03637049]
91,46.82677602767944,0.0656168856799151,13.26178240776062,[0.11735304],[0.0988906],[0.03647096]
92,44.8828649520874,0.06512275763382816,12.391010046005249,[0.11757293],[0.09910991],[0.03651115]
93,45.20713829994202,0.06488432359853477,12.198592901229858,[0.11793301],[0.09943025],[0.03661833]
94,42.860154151916504,0.06436450161378492,14.11310863494873,[0.11793968],[0.09955298],[0.03661498]
95,44.16137170791626,0.06416522276898225,19.74874520301819,[0.11798706],[0.09966959],[0.03668364]
96,44.40026021003723,0.06358389456690562,13.904151678085327,[0.11833061],[0.10000807],[0.03675564]
97,45.34973478317261,0.06363450675600707,15.03039026260376,[0.11859023],[0.10022365],[0.03682263]
98,41.77642107009888,0.06329188542910899,11.035411834716797,[0.11872683],[0.10042656],[0.03687956]
99,39.7037353515625,0.06337799172321654,10.703577280044556,[0.11903957],[0.1006559],[0.03697669]
100,43.59809756278992,0.06310982166817694,11.323935270309448,[0.11938655],[0.10088306],[0.03706712]
101,47.035682678222656,0.06228304484087711,11.527911186218262,[0.11962922],[0.1011092],[0.03710563]
102,45.444538593292236,0.061495123186496775,14.28060245513916,[0.12010807],[0.10137281],[0.03721783]
103,39.209320068359375,0.06159839162019768,10.504684448242188,[0.12019619],[0.10145819],[0.03726472]
104,46.63982534408569,0.0614013597275121,11.042089700698853,[0.12049884],[0.10177421],[0.03732166]
105,51.05358648300171,0.06141554345047534,12.108129501342773,[0.12069552],[0.10204001],[0.03741041]
106,47.80523157119751,0.06062837194350332,11.031844854354858,[0.12084485],[0.10215084],[0.03747237]
107,49.26286792755127,0.06041890689444662,14.1419677734375,[0.12119138],[0.10236367],[0.0375427]
108,48.2972776889801,0.06021595588236144,9.91376256942749,[0.12147163],[0.10263535],[0.03760969]
109,34.141839265823364,0.06002228460603892,8.016896486282349,[0.12168929],[0.10284315],[0.03767834]
110,34.0221848487854,0.06002310632417599,7.876952409744263,[0.12192102],[0.10305671],[0.03776207]
111,34.181607246398926,0.05945417375275583,7.712074279785156,[0.12193669],[0.10315793],[0.03775705]
112,34.031582832336426,0.05914080959528384,7.74324369430542,[0.12218476],[0.10339135],[0.03783408]
113,34.055830240249634,0.05937692768533121,7.807982683181763,[0.12226995],[0.10347941],[0.03792116]
114,34.05818033218384,0.05878848425404291,7.649157762527466,[0.12235994],[0.10364145],[0.03794628]
115,34.07754969596863,0.0587160572353186,7.67712926864624,[0.12271599],[0.10394911],[0.0380635]
116,34.028337478637695,0.058617562610618394,7.6071083545684814,[0.12299036],[0.10414715],[0.03811039]
117,33.90536189079285,0.05820003058761358,7.629251003265381,[0.12305516],[0.10423664],[0.03813551]
118,33.96117448806763,0.05764736642477789,7.645047426223755,[0.12346953],[0.10451657],[0.03825105]
119,34.02074193954468,0.05785703484081861,7.69869589805603,[0.12352743],[0.10460395],[0.0382678]
120,34.114508628845215,0.05766061385811278,7.620978593826294,[0.12373106],[0.10484005],[0.03830799]
121,33.982486724853516,0.0569023500300116,7.641900062561035,[0.12398648],[0.10508986],[0.03839507]
122,34.08727478981018,0.05706069373873749,7.5498363971710205,[0.12421319],[0.10524057],[0.03846205]
123,33.99126648902893,0.05676376958838617,7.610956907272339,[0.12431811],[0.10545515],[0.03851899]
124,34.06742811203003,0.056446632135170274,7.556079387664795,[0.12436778],[0.10544225],[0.03854411]
125,33.96641516685486,0.05621059919999103,7.525232315063477,[0.12465745],[0.10568984],[0.03864793]
126,33.91187644004822,0.0563862348502182,7.547453880310059,[0.12506412],[0.10598236],[0.03873501]
127,34.045034885406494,0.05611757384707229,7.555855989456177,[0.12490397],[0.10594741],[0.03872664]
128,36.79937672615051,0.05573402570955681,12.342754364013672,[0.12522326],[0.10626535],[0.03883716]
129,42.851051330566406,0.05526217050624616,10.965584754943848,[0.12550832],[0.10634547],[0.03890582]
130,41.934152126312256,0.055244589770081065,13.956721782684326,[0.12568583],[0.10638585],[0.03896611]
131,43.79591178894043,0.05494461000680623,10.162272453308105,[0.12580076],[0.10650731],[0.03900127]
132,41.38811802864075,0.054342450997368855,12.862431764602661,[0.12595377],[0.10657573],[0.03902974]
133,47.757105112075806,0.05460283272156511,13.766710996627808,[0.12623592],[0.10677777],[0.03907663]
134,52.885499715805054,0.053840871608693795,10.553929090499878,[0.12624634],[0.10692696],[0.03912184]
135,50.50519824028015,0.05480108345209649,12.59409761428833,[0.12633925],[0.10705591],[0.03917041]
136,42.227643728256226,0.054050711265793354,11.365066528320312,[0.12656557],[0.1072076],[0.03919385]
137,46.729496002197266,0.05393017241449067,10.506847620010376,[0.12683312],[0.10749208],[0.03926753]
138,49.70256209373474,0.053760413738964785,9.834029912948608,[0.12692422],[0.10754805],[0.03931945]
139,45.393242597579956,0.053191164517869254,10.041486501693726,[0.12697859],[0.10775406],[0.03936298]
140,39.49907469749451,0.05346657578466517,11.570216655731201,[0.12695597],[0.1077571],[0.03935964]
141,43.1850528717041,0.052987871682177286,10.195983409881592,[0.12715004],[0.10785571],[0.03941657]
142,42.544721364974976,0.05293113311207054,10.922616720199585,[0.12707581],[0.10788969],[0.03941322]
143,45.685970067977905,0.05272159822322805,12.297404289245605,[0.12736952],[0.10803705],[0.03946681]
144,39.35219669342041,0.052729344813886914,10.211107015609741,[0.12766158],[0.10832664],[0.03956561]
145,43.04101228713989,0.052781163667789614,13.144497871398926,[0.12773628],[0.10840625],[0.03957733]
146,48.39015293121338,0.05216828625498697,11.877531290054321,[0.12792968],[0.10849752],[0.03960915]
147,42.756866216659546,0.051828020844947205,8.967734336853027,[0.12813199],[0.10864791],[0.03969623]
148,45.09761023521423,0.05161012162576721,10.15783405303955,[0.12835019],[0.10885547],[0.03973977]
149,44.36902046203613,0.05145580014872431,10.460333108901978,[0.12855145],[0.10898078],[0.03977661]
150,42.837573528289795,0.05193373101829278,13.790590524673462,[0.1288254],[0.10920006],[0.03983689]
151,42.22944355010986,0.050995391163260045,14.44736909866333,[0.12877203],[0.10931591],[0.0398302]
152,48.90441370010376,0.050734354070190224,12.049295902252197,[0.12913361],[0.10962012],[0.0399022]
153,45.14119482040405,0.05100574582401249,14.490172624588013,[0.12928599],[0.1097299],[0.03998761]
154,44.911033153533936,0.051050960227395546,16.178391456604004,[0.12944118],[0.10981433],[0.04001775]
155,39.17110896110535,0.05065061334482949,10.370795249938965,[0.12957832],[0.10989959],[0.04004789]
156,43.123019218444824,0.050392667283162926,9.955280065536499,[0.1295328],[0.10982229],[0.04004957]
157,40.76737189292908,0.05109876951183936,13.026442766189575,[0.12966084],[0.11002306],[0.04009813]
158,50.673949003219604,0.05018206465650688,9.854487895965576,[0.12982757],[0.10999663],[0.04012158]
159,47.21730375289917,0.0498799623526407,10.207702875137329,[0.12989462],[0.11000937],[0.04015339]
160,42.05756139755249,0.05040015368675343,12.227568626403809,[0.13008186],[0.11019885],[0.04020698]
161,45.031506299972534,0.04969535543197634,10.440293550491333,[0.13026623],[0.11045304],[0.04027731]
162,46.427483558654785,0.049385474091677956,10.374321699142456,[0.13020727],[0.11053753],[0.04027899]
163,44.55508065223694,0.0496261099993129,10.287267208099365,[0.13048397],[0.11063377],[0.04036942]
164,43.780659914016724,0.04913748815806225,10.279569864273071,[0.13053514],[0.11074329],[0.04040458]
165,42.41439127922058,0.04914323644091686,10.11393666267395,[0.13059796],[0.11088393],[0.0404498]
166,42.80162286758423,0.049355312598624614,12.259960651397705,[0.13065782],[0.11093227],[0.04047324]
167,41.90703845024109,0.04956256564367901,10.510192632675171,[0.13087414],[0.11105285],[0.04051176]
168,45.75487947463989,0.0489640457913129,12.05522894859314,[0.13089441],[0.11108712],[0.04048831]
169,41.5324068069458,0.048604601072241564,11.09212613105774,[0.13112884],[0.11119864],[0.04057372]
170,42.414013385772705,0.04828448316101173,13.023921251296997,[0.13143826],[0.11134184],[0.04063233]
171,39.78756809234619,0.048536908182531896,10.945468187332153,[0.13121182],[0.11136037],[0.0406273]
172,42.38938498497009,0.04856872497446308,11.04798436164856,[0.13146168],[0.11150995],[0.04066079]
173,41.358816623687744,0.04818463418632746,9.863103866577148,[0.13138129],[0.11161051],[0.04067252]
174,44.29464626312256,0.048112835151830104,11.563968420028687,[0.1314664],[0.11161104],[0.04069261]
175,43.037431478500366,0.04803293863443112,10.71119999885559,[0.13170918],[0.11172443],[0.0407261]
176,41.89672327041626,0.04785197038165848,10.55829405784607,[0.13187877],[0.11177721],[0.04076629]
177,45.75337338447571,0.04768068307182855,11.394184589385986,[0.13191761],[0.11183771],[0.04078974]
178,39.6586217880249,0.047129528192483415,10.284582614898682,[0.13171511],[0.11185131],[0.04077969]
179,44.56388449668884,0.04738435186822005,10.61158275604248,[0.13205365],[0.11204603],[0.04083998]
180,41.95733666419983,0.04687390029618536,12.467314004898071,[0.13220967],[0.11208143],[0.04088519]
181,50.196253538131714,0.04731037830839856,20.15594458580017,[0.13225562],[0.11219601],[0.04088184]
182,54.203736305236816,0.04665029619942711,13.723477840423584,[0.13237997],[0.11226164],[0.04090696]
183,44.605947494506836,0.047358983826607165,13.12806749343872,[0.13246716],[0.11238391],[0.04092371]
184,39.680620431900024,0.047199695361684064,7.9020867347717285,[0.13247143],[0.11245778],[0.04091701]
185,34.02955341339111,0.04671771220411315,7.882572174072266,[0.13246941],[0.11243724],[0.0409371]
186,34.1163215637207,0.04684493822431324,7.888883113861084,[0.13268177],[0.11262747],[0.04101413]
187,34.048781394958496,0.046592778469802754,8.199525594711304,[0.13280189],[0.1126801],[0.04106772]
188,34.04612374305725,0.046431909992613575,7.92059588432312,[0.13284705],[0.11275247],[0.04109619]
189,33.98756241798401,0.04638632571305892,7.644567012786865,[0.1331172],[0.11293805],[0.04112633]
190,33.98034906387329,0.04638606827292177,7.572763204574585,[0.13296064],[0.11289783],[0.04109954]
191,33.87589764595032,0.04589561820782796,8.15157699584961,[0.13300868],[0.11301771],[0.04113638]
192,34.00027060508728,0.04576325299914437,8.10016942024231,[0.13330709],[0.11312734],[0.04118327]
193,33.90485072135925,0.04611900828854002,8.129582166671753,[0.13331634],[0.11319156],[0.04122011]
194,33.82331132888794,0.04547306185004988,8.191935539245605,[0.13343949],[0.11326902],[0.04124858]
195,33.88678431510925,0.045718143468327595,8.109485626220703,[0.13336731],[0.11345297],[0.04125193]
196,34.87224769592285,0.045002971408945144,8.033355474472046,[0.13346161],[0.11338686],[0.04127704]
197,34.02826285362244,0.04534878041783367,8.072294235229492,[0.13365612],[0.11352272],[0.04131389]
198,34.10728096961975,0.04525736148346855,8.146758079528809,[0.13384557],[0.11345503],[0.04136245]
199,33.9639527797699,0.04466913836641294,8.10692048072815,[0.13376334],[0.11349134],[0.04133566]
200,34.0828914642334,0.04510958390216334,8.17541217803955,[0.13394518],[0.11366026],[0.04140096]
201,34.099650382995605,0.04509007468857248,8.206124544143677,[0.13394084],[0.11368873],[0.04139092]
202,34.15319204330444,0.044561322515058996,10.018858194351196,[0.1340969],[0.1137465],[0.04144953]
203,44.451210021972656,0.04481717147347,11.304088830947876,[0.13434916],[0.11389623],[0.04148637]
204,42.669339656829834,0.04487261161998366,10.53418493270874,[0.13437535],[0.11389241],[0.04152656]
205,45.80120897293091,0.044679665646393495,10.90237832069397,[0.13441518],[0.11391799],[0.04152488]
206,45.599642276763916,0.0445886959387648,9.560066938400269,[0.13462486],[0.11405975],[0.04161364]
207,43.51551151275635,0.04449073177282557,12.277629137039185,[0.13477927],[0.11410694],[0.04162034]
208,46.645874977111816,0.044161798836983214,11.49536395072937,[0.13470812],[0.11404342],[0.04161196]
209,50.721354484558105,0.044235342059924146,12.140237808227539,[0.13478981],[0.11411872],[0.04162536]
210,45.9338538646698,0.04375314860219004,17.174124479293823,[0.13511883],[0.11436251],[0.04169402]
211,53.30838871002197,0.04437716537616169,12.141435384750366,[0.13495488],[0.11429387],[0.04165718]
212,46.3863365650177,0.04361215661364523,12.172372341156006,[0.13507364],[0.11436461],[0.04167392]
213,48.03872060775757,0.043856263913289464,13.380738496780396,[0.13521523],[0.11452768],[0.04173253]
214,42.49502491950989,0.04342834864075136,10.28160834312439,[0.13535526],[0.1146018],[0.04177607]
215,44.38965392112732,0.043700175331623264,10.543123722076416,[0.13543103],[0.11469952],[0.04177775]
216,46.922622203826904,0.04310664391577846,13.677562713623047,[0.13558758],[0.11475663],[0.04182296]
217,40.412734270095825,0.043096495980415685,10.037429809570312,[0.13581171],[0.11483109],[0.04188157]
218,43.90850520133972,0.043239590406154445,11.608726263046265,[0.13591499],[0.11495393],[0.04189497]
219,39.31649112701416,0.04313181661012949,9.976789474487305,[0.13597857],[0.11511787],[0.04192679]
220,48.09075856208801,0.04297009539423567,13.242540121078491,[0.13608136],[0.11519688],[0.04195023]
221,49.899242639541626,0.04342258705597634,10.014958620071411,[0.13603802],[0.11523909],[0.04195191]
222,45.534494161605835,0.04291635582392866,14.286628246307373,[0.13612236],[0.1153187],[0.0419586]
223,48.987547636032104,0.04250311917352556,10.647655725479126,[0.13626029],[0.11536571],[0.041972]
224,44.9179482460022,0.04287759851043423,8.913305759429932,[0.13637035],[0.11540223],[0.04200214]
225,44.66023850440979,0.04286610626737879,10.150138139724731,[0.13657293],[0.11551911],[0.04204736]
226,53.27076315879822,0.042706752374693,14.79786992073059,[0.13678323],[0.11554664],[0.04211936]
227,46.84071755409241,0.04261059741574255,14.313728332519531,[0.13671599],[0.11560505],[0.04207248]
228,45.75394248962402,0.04265786893195426,13.418006420135498,[0.13692484],[0.11570444],[0.04213276]
229,42.595484018325806,0.04202622856775468,13.597947120666504,[0.13692017],[0.11567901],[0.04212439]
230,42.68709897994995,0.04218110390421417,10.004904508590698,[0.13702199],[0.11572243],[0.04213946]
231,58.373541831970215,0.04167899132395784,10.17064642906189,[0.13713071],[0.11583975],[0.04213779]
232,44.78940153121948,0.04235528605152862,10.294286966323853,[0.13723363],[0.11579697],[0.04218467]
233,48.7504403591156,0.04176445903181277,11.102243423461914,[0.13748206],[0.11600449],[0.04224998]
234,47.27244162559509,0.04167268701800794,10.271655559539795,[0.13733447],[0.11600293],[0.04223324]
235,40.45383048057556,0.04219304560448485,8.892101049423218,[0.1372947],[0.11600178],[0.04226171]
236,42.37517738342285,0.04161678370784479,10.252715349197388,[0.13749172],[0.11613315],[0.04229185]
237,45.49986815452576,0.04196169055208112,13.35656213760376,[0.13754189],[0.11616703],[0.04230859]
238,41.85662245750427,0.04114507765255191,10.27126431465149,[0.13756836],[0.11620176],[0.04230524]
239,43.1021671295166,0.0414670561628435,10.073917388916016,[0.13759369],[0.11617445],[0.04233036]
240,43.61497521400452,0.041733175022245356,18.62983512878418,[0.13773695],[0.11629542],[0.04236888]
241,46.35111975669861,0.041559096223514794,12.175781965255737,[0.13796936],[0.11644943],[0.04243754]
242,43.851682901382446,0.04100775033837617,9.946259260177612,[0.13785988],[0.1164441],[0.04243586]
243,42.54039430618286,0.04141712120047422,10.323390483856201,[0.13805968],[0.11663415],[0.04248275]
244,44.93337965011597,0.04144398187936255,10.911972522735596,[0.13793603],[0.11659458],[0.04247605]
245,39.25766587257385,0.04122417129463318,12.173212051391602,[0.13805194],[0.11662379],[0.0424861]
246,41.93522310256958,0.04070646598972757,10.902306079864502,[0.13807225],[0.11672724],[0.04252797]
247,41.302241802215576,0.04066785309708329,13.355134010314941,[0.13817432],[0.11674602],[0.04252294]
248,45.97791028022766,0.04067964198989699,11.023354291915894,[0.13820158],[0.11666127],[0.04253801]
249,40.70872974395752,0.04066612527263586,10.440750360488892,[0.13833019],[0.11680301],[0.04255978]
250,40.02429270744324,0.040882425368622397,16.808412313461304,[0.13833625],[0.11686557],[0.04257653]
251,46.598557233810425,0.040327535278982286,10.654313325881958,[0.13846099],[0.11689839],[0.0425916]
252,43.708656549453735,0.040111416075943096,10.39202618598938,[0.13837021],[0.11683162],[0.04259662]
253,42.66577744483948,0.04063120357823944,10.63156008720398,[0.13866341],[0.11701246],[0.04263347]
254,45.931193351745605,0.04033493018718531,11.985809326171875,[0.1387655],[0.11712419],[0.04268705]
255,46.36024856567383,0.04030517794925607,11.404614448547363,[0.13895457],[0.11710049],[0.04274566]
256,47.52794289588928,0.04019543385095518,13.078337669372559,[0.13900584],[0.11715506],[0.04277748]
257,44.81639742851257,0.0397146087930058,14.168702840805054,[0.1390979],[0.11728987],[0.04282102]
258,44.96187138557434,0.040062788521137205,15.211207151412964,[0.13908924],[0.1172782],[0.04279925]
259,43.64202833175659,0.04015097287812769,12.432971000671387,[0.1391668],[0.11729059],[0.04282939]
260,42.90183997154236,0.04039838733715993,11.25653076171875,[0.13936522],[0.11739135],[0.04286456]
261,45.458824157714844,0.03961494773852103,10.271022081375122,[0.13942735],[0.11749511],[0.04288633]
262,45.01526927947998,0.03976944450176123,11.491979598999023,[0.139496],[0.1175329],[0.04289638]
263,40.4055335521698,0.03947283918828224,13.564083576202393,[0.13913846],[0.11738511],[0.04283609]
264,33.839664697647095,0.03974409397653859,7.666821241378784,[0.13929764],[0.11742423],[0.04285619]
265,33.95321011543274,0.03957142901954928,7.900184869766235,[0.139441],[0.11746639],[0.04289805]
266,33.85072135925293,0.03913850809513318,7.822242021560669,[0.13955569],[0.1175715],[0.04292484]
267,33.866633892059326,0.03943719102464842,7.8477818965911865,[0.13963339],[0.11762382],[0.04294996]
268,34.06683802604675,0.03929339022366236,7.59882664680481,[0.13970441],[0.11769138],[0.04299015]
269,33.90409874916077,0.03930405210797684,7.487383604049683,[0.13983665],[0.11777466],[0.04303202]
270,33.97475004196167,0.039232810032601005,8.105126142501831,[0.13983664],[0.11776902],[0.04303537]
271,33.82754325866699,0.039077449994481574,8.088446140289307,[0.14002128],[0.11772434],[0.04305546]
272,33.89451837539673,0.03913944839697444,8.14564561843872,[0.13988875],[0.11786816],[0.04305881]
273,33.94316220283508,0.038996834655979064,8.1234872341156,[0.13986342],[0.11782636],[0.04304039]
274,33.78927159309387,0.03923027994431028,8.113683700561523,[0.1398841],[0.11781543],[0.04305044]
275,34.81539750099182,0.03878773313316733,8.130347728729248,[0.13982955],[0.11780233],[0.04305044]
276,33.85945963859558,0.038996388387838095,8.124393224716187,[0.14018657],[0.11801651],[0.04310403]
277,33.816378116607666,0.03890246056452996,8.094572067260742,[0.14015193],[0.11805637],[0.0431258]
278,44.36418676376343,0.038496708643218185,15.154192686080933,[0.1398637],[0.11791079],[0.04306384]
279,38.35731554031372,0.03844024812464009,8.182515382766724,[0.1400008],[0.11804573],[0.04308058]
280,33.9512619972229,0.03819696138133154,8.18500566482544,[0.14009915],[0.11810879],[0.04312412]
281,35.60035586357117,0.038559535179625855,10.834036588668823,[0.14014647],[0.11819383],[0.04314254]
282,45.84716033935547,0.038750317672060594,12.797369956970215,[0.14008108],[0.11816459],[0.04313584]
283,41.8816602230072,0.03833035364596531,11.891253232955933,[0.14006295],[0.11814859],[0.04312747]
284,45.710856914520264,0.038073437772879394,19.085501194000244,[0.14020217],[0.11829218],[0.04316431]
285,47.53146529197693,0.03843955187164624,11.73472809791565,[0.14033104],[0.1183915],[0.04320115]
286,46.25157880783081,0.03783055951329644,12.218832015991211,[0.14032658],[0.11837329],[0.0432112]
287,46.96568441390991,0.03809285791816585,16.879429817199707,[0.14038081],[0.1184633],[0.04322125]
288,41.92863869667053,0.03840136288599384,12.633732080459595,[0.14051248],[0.11850234],[0.04323967]
289,45.53713893890381,0.03821123167496137,15.02229356765747,[0.14062509],[0.11862126],[0.04330498]
290,40.4495964050293,0.03786987269936939,11.282334089279175,[0.14058228],[0.11864586],[0.04330665]
291,42.84595251083374,0.03764020847721082,14.45238995552063,[0.14039851],[0.11856166],[0.04323632]
292,45.43790411949158,0.037413000928783656,13.224308013916016,[0.14059163],[0.11874235],[0.0432966]
293,44.556233167648315,0.037655459693397834,15.800284385681152,[0.14064405],[0.11883559],[0.04333177]
294,50.61672019958496,0.037835029772285256,19.4204740524292,[0.1407767],[0.11891212],[0.04336861]
295,47.48497438430786,0.03805665010492308,11.855445623397827,[0.1409888],[0.11904556],[0.04339373]
296,49.04391360282898,0.03749073232815723,10.189653635025024,[0.14091795],[0.11900371],[0.04337364]
297,45.9188973903656,0.03760692458882025,12.16386604309082,[0.14117581],[0.11913456],[0.04344899]
298,47.7361114025116,0.03751711802782886,10.625596761703491,[0.14113521],[0.11915391],[0.04343894]
299,43.839684009552,0.0373344460474045,10.914501905441284,[0.14118747],[0.11928545],[0.04341383]
300,42.692588806152344,0.03727048979319557,10.807200908660889,[0.1412649],[0.11939554],[0.04347244]
301,45.38508868217468,0.037056081777796,13.474396705627441,[0.1413845],[0.11940819],[0.04350425]
302,44.98358988761902,0.03721770191696858,19.18906569480896,[0.14153061],[0.11934094],[0.04352602]
303,53.14552688598633,0.03715187154070596,10.796044111251831,[0.14169496],[0.11946666],[0.04357124]
304,49.434876680374146,0.037006192868857674,16.49296498298645,[0.14181916],[0.11964333],[0.04359636]
305,42.129279136657715,0.03711317352141545,11.435299158096313,[0.14168592],[0.11953005],[0.04356956]
306,47.129618883132935,0.03744904593931454,16.549606800079346,[0.14175838],[0.11956958],[0.04357626]
307,43.91192317008972,0.03680542523906839,10.286912441253662,[0.14177844],[0.11966132],[0.04358631]
308,41.92482542991638,0.037052511533891615,17.179272174835205,[0.14209288],[0.11984927],[0.04366501]
309,42.17349123954773,0.036715945459413105,14.871042013168335,[0.14197832],[0.11981094],[0.0436265]
310,46.83527088165283,0.03706489170365261,11.213695526123047,[0.14208752],[0.11979524],[0.04364827]
311,45.928290367126465,0.03657808317097299,11.783143281936646,[0.14215328],[0.11990092],[0.04367674]
312,43.37159442901611,0.03689634264211612,11.150941610336304,[0.14220797],[0.11982587],[0.04370186]
313,44.33245897293091,0.036772889306185524,14.621373653411865,[0.14223704],[0.11989846],[0.0437253]
314,45.80463242530823,0.0367975718191251,10.431274890899658,[0.14243259],[0.12005916],[0.04378726]
315,47.56645178794861,0.03661121769968157,12.854340314865112,[0.14269059],[0.12011872],[0.04388439]
316,44.898300886154175,0.03640403830436895,11.96439266204834,[0.14253096],[0.12019204],[0.04385424]
317,43.082361459732056,0.03620248013693425,13.770255327224731,[0.14264275],[0.12021145],[0.04388104]
318,60.47882580757141,0.03644075598849943,21.850785493850708,[0.14259228],[0.120213],[0.04387099]
319,52.976078748703,0.03630727733193775,10.707453489303589,[0.142764],[0.12026588],[0.04389778]
320,45.798120737075806,0.0363782247942355,10.823595523834229,[0.14295763],[0.12040202],[0.04393295]
321,56.14493989944458,0.03582653240065532,10.289074182510376,[0.14283337],[0.12037697],[0.04391285]
322,42.15760588645935,0.035935217735705655,9.54371166229248,[0.14290884],[0.12035253],[0.04389611]
323,50.67782640457153,0.03591261201096003,10.064085483551025,[0.14291006],[0.12044362],[0.04388606]
324,43.544809341430664,0.03631847340971081,12.660658359527588,[0.14280725],[0.12048866],[0.04392625]
325,45.281720876693726,0.03643450655532305,10.880405187606812,[0.14308177],[0.12056289],[0.04397314]
326,45.121583461761475,0.03571989918786167,10.946297645568848,[0.14323086],[0.12066345],[0.04402505]
327,44.051737546920776,0.03564816837979838,14.300095796585083,[0.14310208],[0.12057981],[0.04399156]
328,50.82405662536621,0.036148645195432684,16.31662368774414,[0.14311596],[0.12066091],[0.04397314]
329,54.829323053359985,0.03581125915727832,14.86134386062622,[0.14301525],[0.12063057],[0.04395472]
330,51.139020681381226,0.035684165130886764,16.326045989990234,[0.14327311],[0.1207825],[0.04400496]
331,55.21035075187683,0.03565589961304207,15.433796882629395,[0.14329951],[0.12074297],[0.04401166]
332,53.86271953582764,0.03593633398225512,15.954374313354492,[0.14324415],[0.12078664],[0.04398486]
333,54.44753384590149,0.03610022302547639,16.0401394367218,[0.14341179],[0.12088375],[0.04404347]
334,53.08386158943176,0.03549814137225651,15.691096067428589,[0.14339013],[0.12092009],[0.04404012]
335,53.68874716758728,0.035610344049266794,16.354385137557983,[0.14351353],[0.12103991],[0.04404012]
336,55.45063042640686,0.03564559631614071,16.45338201522827,[0.14338652],[0.12092953],[0.04400328]
337,51.54291367530823,0.03541999492756646,15.8699209690094,[0.14350276],[0.12103968],[0.0440418]
338,54.655250549316406,0.034965129964279404,16.023094415664673,[0.14340158],[0.12107224],[0.04404012]
339,54.749149322509766,0.03539025842334435,16.83192491531372,[0.14351956],[0.12119903],[0.04405352]
340,55.68883395195007,0.035815115020883206,15.831488609313965,[0.14359871],[0.12122369],[0.04407864]
341,52.89373016357422,0.03500123168671071,16.914663791656494,[0.14365464],[0.12122383],[0.04407529]
342,53.23575162887573,0.03519254352314153,15.950060844421387,[0.14391221],[0.12129502],[0.0441406]
343,55.745365619659424,0.03507404330873279,16.004915952682495,[0.14379019],[0.12134193],[0.04412385]
344,53.36455297470093,0.03505210418517542,16.123568296432495,[0.14392202],[0.12144044],[0.04418581]
345,54.96979808807373,0.03528911690933235,15.544278860092163,[0.14392542],[0.12143029],[0.04418916]
346,56.49505829811096,0.0352135467709917,16.421154499053955,[0.14393214],[0.12148838],[0.04420088]
347,54.1176278591156,0.03479547585087894,16.392220735549927,[0.14413234],[0.12171924],[0.04426619]
348,56.655903577804565,0.03492645398158618,15.216512680053711,[0.1441063],[0.1216653],[0.0442528]
349,56.00407004356384,0.03513512027572201,16.424153089523315,[0.14413223],[0.12167418],[0.04425782]
350,54.27884912490845,0.03495720565093286,16.29733681678772,[0.14399802],[0.12167077],[0.0442461]
351,49.703553199768066,0.03504420764217473,15.899973630905151,[0.14428689],[0.12180549],[0.04432815]
352,50.918097734451294,0.03468831597046569,15.112934827804565,[0.14438477],[0.12181777],[0.0443315]
353,52.548410415649414,0.034863863234417605,17.419057846069336,[0.1443304],[0.12185957],[0.0443382]
354,55.82835340499878,0.034722206653142816,16.524194955825806,[0.14447922],[0.12183238],[0.04435997]
355,51.7293267250061,0.034659390342468864,17.461560010910034,[0.14441726],[0.12178994],[0.04435327]
356,55.0286169052124,0.034553005915097516,17.877769470214844,[0.14434386],[0.12182531],[0.04434657]
357,56.33786725997925,0.03468384845370446,17.629020929336548,[0.14456682],[0.12193431],[0.04441021]
358,53.69037914276123,0.03429623739323532,14.881123304367065,[0.14472436],[0.12201364],[0.04445207]
359,49.26874232292175,0.03442619623842113,16.143325805664062,[0.14478688],[0.12212741],[0.04444035]
360,48.09134316444397,0.03465200070705679,12.18933892250061,[0.14486873],[0.122282],[0.04449896]
361,52.40278673171997,0.034127452979899116,11.461292266845703,[0.14468924],[0.12214225],[0.0444504]
362,55.92927861213684,0.03418734222368309,11.228130340576172,[0.14487381],[0.12220467],[0.04446882]
363,51.32462120056152,0.034282453767390864,9.883759498596191,[0.14493158],[0.12223248],[0.04449226]
364,64.63049697875977,0.03437094898386435,10.062654733657837,[0.1450934],[0.12237687],[0.04453748]
365,50.08125400543213,0.03405328503706389,7.690586566925049,[0.1452734],[0.12241763],[0.04459609]
366,43.74648904800415,0.034361943795411576,7.627065896987915,[0.14536798],[0.12244108],[0.04459441]
367,43.492491722106934,0.03420561323920735,7.645878791809082,[0.14548276],[0.12256218],[0.04462791]
368,43.560046434402466,0.03436011393940208,7.646631717681885,[0.14554061],[0.12257757],[0.04462623]
369,44.50235962867737,0.03392376055037885,7.680449962615967,[0.14540439],[0.12254295],[0.04463293]
370,43.51001453399658,0.03445240460580798,7.7985851764678955,[0.14539738],[0.12255813],[0.04462288]
371,47.103394508361816,0.03416159144141758,8.625388622283936,[0.14542423],[0.12260049],[0.04463628]
372,47.131378173828125,0.03401606981501435,7.546490669250488,[0.14577682],[0.12267591],[0.04471331]
373,43.47581458091736,0.03389533899367006,7.580040454864502,[0.14578036],[0.12275925],[0.04472838]
374,45.1226441860199,0.03383931897185517,14.510467052459717,[0.14571989],[0.1227604],[0.04470661]
375,57.11636281013489,0.03410818904751178,10.939042329788208,[0.14581623],[0.12286456],[0.04476522]
376,54.53819990158081,0.033911265508093015,12.696691274642944,[0.14584816],[0.12287975],[0.04478029]
377,55.266257524490356,0.03370572253591334,12.05512523651123,[0.14588973],[0.12288428],[0.04477694]
378,51.804837226867676,0.03368656852310806,11.270566463470459,[0.14595997],[0.12289458],[0.04476522]
379,60.1515371799469,0.03377864077555561,10.973976850509644,[0.14585505],[0.12289444],[0.04475183]
380,55.70050811767578,0.03379885610569306,11.540151119232178,[0.14596499],[0.12294329],[0.04476522]
381,49.002108335494995,0.03326547046596504,9.80222225189209,[0.14585868],[0.1228561],[0.04475015]
382,61.133066177368164,0.033679319714958016,13.033494234085083,[0.14579745],[0.1228376],[0.04473508]
383,55.547945976257324,0.03364288716134851,14.898741006851196,[0.14599503],[0.12292414],[0.04478197]
384,53.50890064239502,0.03324170140643613,10.864512920379639,[0.14597817],[0.12290536],[0.04483221]
385,55.280638694763184,0.03341763145807716,10.82815957069397,[0.14622299],[0.12315499],[0.04487407]
386,54.55098605155945,0.03342474746339098,12.128853559494019,[0.14637937],[0.12330759],[0.04492431]
387,54.6859405040741,0.032907751167776306,12.418901205062866,[0.14641105],[0.12324531],[0.04491091]
388,52.72419595718384,0.0335009020066472,11.3662691116333,[0.14657215],[0.12341397],[0.04497455]
389,56.3368444442749,0.032993878491900185,11.223336219787598,[0.14647397],[0.12338957],[0.0449444]
390,55.973697900772095,0.03343808472702148,16.020596265792847,[0.14678447],[0.12351606],[0.04498962]
391,52.748979806900024,0.03323712301525203,10.832739353179932,[0.14675285],[0.1234817],[0.04497622]
392,52.78016114234924,0.033355061435187704,10.421041011810303,[0.14690504],[0.1236184],[0.0449712]
393,48.67437934875488,0.03260552363865303,11.574313879013062,[0.1468415],[0.1236971],[0.04502981]
394,56.04836845397949,0.03314883057780639,12.170735597610474,[0.14700986],[0.12369863],[0.04505158]
395,50.462942123413086,0.033025245746654094,11.838523626327515,[0.14698517],[0.12373514],[0.0450432]
396,60.09713530540466,0.03274285394434977,16.50359320640564,[0.14707205],[0.12374116],[0.0450767]
397,57.53144097328186,0.032575501185474975,12.751888990402222,[0.14704471],[0.12388318],[0.04506665]
398,58.034923791885376,0.03309695735912432,11.89646029472351,[0.1471894],[0.12398004],[0.04510182]
399,54.09280586242676,0.032829144085296476,10.639589548110962,[0.14740589],[0.12415361],[0.0451554]
400,50.92842650413513,0.032820310495379895,10.719757318496704,[0.1473316],[0.12411488],[0.04513363]
401,61.69762969017029,0.032876638563895465,13.737284183502197,[0.14730282],[0.12415008],[0.04515373]
402,55.719632625579834,0.03291460385809493,12.793863296508789,[0.14740749],[0.12425174],[0.04520564]
403,53.8670129776001,0.0329622076212833,12.278640508651733,[0.14728257],[0.12417629],[0.04516378]
404,51.53009390830994,0.033007092684545,10.080784320831299,[0.14712692],[0.12410138],[0.04511856]
405,54.712552070617676,0.032694063671497686,13.179026365280151,[0.14724567],[0.12422073],[0.04515875]
406,53.121495723724365,0.032520721953437484,10.36798095703125,[0.14728074],[0.12419093],[0.0451688]
407,58.5867235660553,0.03260244902768972,10.247751235961914,[0.14745385],[0.12425299],[0.04521904]
408,52.229002237319946,0.03293260272046683,10.403440952301025,[0.14760781],[0.12430647],[0.04523076]
409,61.534348487854004,0.0326222671393418,11.211150407791138,[0.14760352],[0.12425817],[0.0452542]
410,50.99999117851257,0.03237416540187868,11.05098581314087,[0.14776339],[0.12435811],[0.04531449]
411,58.0655562877655,0.0322319464899148,10.731876611709595,[0.14774585],[0.12446345],[0.04531449]
412,52.63151788711548,0.03252739953159383,10.532828092575073,[0.14786106],[0.12451805],[0.04534128]
413,59.66642951965332,0.03237718882302594,14.00834608078003,[0.14770748],[0.12455081],[0.04529774]
414,53.049280643463135,0.03204935396823919,10.766388416290283,[0.14782994],[0.12463644],[0.04535133]
415,56.08237648010254,0.03214504979456766,12.853355169296265,[0.14799627],[0.12473918],[0.04534631]
416,58.57950830459595,0.03231116299131753,12.37601089477539,[0.1478952],[0.12474517],[0.0453597]
417,59.76664113998413,0.03217961053091167,10.07737946510315,[0.1479535],[0.12464762],[0.04536808]
418,52.40999722480774,0.03227691621416145,11.434916734695435,[0.14792843],[0.12470481],[0.0453731]
419,53.910083293914795,0.0322023789360743,11.892601490020752,[0.14780721],[0.12470166],[0.045353]
420,49.284770488739014,0.031840515224206625,11.01560091972351,[0.14788818],[0.12476203],[0.04534463]
421,56.397175788879395,0.03197249310147582,13.040549278259277,[0.14791397],[0.12477637],[0.04536975]
422,52.96543478965759,0.03197746937435986,14.680075645446777,[0.14798625],[0.12492073],[0.04539319]
423,52.21794819831848,0.032101677424942306,11.244416952133179,[0.1479923],[0.12499033],[0.04539487]
424,50.452380895614624,0.03182810274507813,10.183657169342041,[0.14801553],[0.12499826],[0.04537142]
425,52.35285449028015,0.031628553247587246,10.249746799468994,[0.14807468],[0.12502707],[0.0453865]
426,54.083083391189575,0.032083090771027285,10.962785959243774,[0.14816333],[0.12493634],[0.04542334]
427,48.526402950286865,0.03201181727527368,10.014955043792725,[0.14813557],[0.12501633],[0.04545013]
428,55.56769394874573,0.03181320313138492,13.192065000534058,[0.14818106],[0.12498747],[0.04549702]
429,59.89712142944336,0.03211486531477986,11.076652765274048,[0.14823844],[0.12506455],[0.04550707]
430,48.462207555770874,0.031653016678650274,11.403173923492432,[0.14841514],[0.12507706],[0.04551711]
431,52.462974309921265,0.03164582498691449,10.301868200302124,[0.14842675],[0.12514879],[0.04554223]
432,56.13220167160034,0.03162785832102251,11.314501523971558,[0.14852953],[0.12521009],[0.04555898]
433,59.81314730644226,0.031411272290190966,9.754683256149292,[0.14832757],[0.12515995],[0.04550372]
434,53.13176441192627,0.03142944917158045,12.616966485977173,[0.14835259],[0.12513117],[0.045492]
435,51.63574743270874,0.03144433966960118,21.413229942321777,[0.14827398],[0.12512685],[0.04547692]
436,50.38708209991455,0.0316770796786354,11.556802034378052,[0.14829171],[0.12517698],[0.04546018]
437,61.11643862724304,0.03150311602053769,16.087955713272095,[0.14828467],[0.12518648],[0.04551377]
438,56.582112550735474,0.031386854564488836,10.753690958023071,[0.14848242],[0.12511177],[0.04554726]
439,52.40726971626282,0.03168571465695747,12.4221031665802,[0.14851767],[0.1251743],[0.04552381]
440,50.409236431121826,0.031236008731554254,14.709853172302246,[0.14829636],[0.1251266],[0.0454853]
441,52.1374716758728,0.031715527600185436,9.715494394302368,[0.14850748],[0.12525144],[0.04556065]
442,49.51962089538574,0.03122943618118462,10.420050144195557,[0.14838654],[0.12513595],[0.0455573]
443,49.60241723060608,0.031380507210739934,10.843273162841797,[0.14845415],[0.12532355],[0.04559247]
444,48.55174112319946,0.03150560697446568,15.980695486068726,[0.14852722],[0.12528524],[0.04559247]
445,58.03794264793396,0.031198666830819965,7.513540029525757,[0.14852452],[0.1253456],[0.04559582]
446,39.58175992965698,0.03133128229716812,7.539844036102295,[0.14861111],[0.12537031],[0.04563601]
447,39.56251287460327,0.031124176720928664,7.5102434158325195,[0.14859922],[0.12534417],[0.04562261]
448,76.68591547012329,0.030972493610184903,8.774234056472778,[0.14851362],[0.12526207],[0.04561257]
449,78.18011522293091,0.03122687184091921,8.724636793136597,[0.14870541],[0.12538668],[0.04562931]
450,76.57249426841736,0.03125622016236638,8.81885838508606,[0.14891569],[0.1255419],[0.04567955]
451,76.70292472839355,0.03121855618394535,8.734131336212158,[0.14881329],[0.12555125],[0.04568792]
452,84.40556025505066,0.031171481651865472,14.006577491760254,[0.14879992],[0.12548673],[0.04567285]
453,89.99634790420532,0.03127907573555907,12.41309404373169,[0.14883318],[0.12550476],[0.04568792]
454,92.76844120025635,0.031148170196272508,19.292857885360718,[0.14894762],[0.12562592],[0.04570634]
455,89.07988595962524,0.03119326869703152,10.884239673614502,[0.14906792],[0.12562547],[0.04571304]
456,89.98787188529968,0.030911193723141245,13.93143105506897,[0.14902196],[0.12556683],[0.0456963]
457,91.91220283508301,0.030761890367350796,10.864656686782837,[0.14886027],[0.12548849],[0.04567453]
458,92.32612776756287,0.03075520054559515,13.503207683563232,[0.14888431],[0.12555346],[0.04568625]
459,90.53713822364807,0.031176698958557663,10.687845468521118,[0.1491207],[0.12567319],[0.04573816]
460,92.26615977287292,0.03120167051545448,14.140340089797974,[0.14923485],[0.12567817],[0.04575156]
461,89.12290239334106,0.031309127087958834,11.300603151321411,[0.14926468],[0.12569004],[0.045775]
462,98.74860501289368,0.031010635968561125,10.923614978790283,[0.14938095],[0.12584425],[0.04582859]
463,90.02836322784424,0.030663444472458026,11.944849491119385,[0.14934179],[0.12570698],[0.04583696]
464,88.35242128372192,0.03071975473766074,11.890835523605347,[0.14932982],[0.12577389],[0.04581184]
465,90.6619074344635,0.03082393180353172,11.851178407669067,[0.14928648],[0.1257832],[0.04581519]
466,91.85699915885925,0.03060007926942122,14.945234537124634,[0.14927135],[0.12583876],[0.04580514]
467,84.15886044502258,0.0308039194217535,17.625057458877563,[0.14935428],[0.12590012],[0.04582524]
468,91.01856088638306,0.030420889419437658,19.113377332687378,[0.14946005],[0.12588136],[0.04585706]
469,91.59819197654724,0.030425160911611536,14.603206872940063,[0.14945233],[0.1258538],[0.04583194]
470,84.52848362922668,0.0306155915005189,11.15344786643982,[0.14941511],[0.12586541],[0.04583026]
471,90.71240234375,0.030332679554556655,13.915719509124756,[0.14929671],[0.12590614],[0.04578003]
472,93.44191479682922,0.030668538694053588,17.627010822296143,[0.14944763],[0.12590006],[0.04582356]
473,90.88563227653503,0.03070782186613992,13.61771535873413,[0.14970533],[0.12603434],[0.04585706]
474,87.70515155792236,0.03047683970024339,11.017743587493896,[0.14976891],[0.12599043],[0.04585538]
475,89.09155416488647,0.03020818390403733,13.716607093811035,[0.14967797],[0.12601745],[0.04586376]
476,93.54752492904663,0.030383532274175774,12.562088966369629,[0.15000393],[0.12613261],[0.04591399]
477,96.26554679870605,0.030174708925187588,14.031935930252075,[0.14983962],[0.12617799],[0.04586878]
478,91.63370108604431,0.030134758789732,15.001331090927124,[0.14995171],[0.12614016],[0.04589557]
479,90.55080008506775,0.030288362151218787,16.40019202232361,[0.14986094],[0.12612699],[0.04590227]
480,86.36140775680542,0.03036225950251324,12.047822952270508,[0.14988169],[0.12616598],[0.04590227]
481,90.20235133171082,0.03055624787065417,10.886011600494385,[0.14985354],[0.12607489],[0.04589055]
482,89.67801666259766,0.030224205107625687,11.786142826080322,[0.14968702],[0.12611045],[0.0458872]
483,91.63158178329468,0.0301513434152561,12.67117166519165,[0.14991839],[0.12621794],[0.04595083]
484,97.78573083877563,0.030027579186916953,12.163660526275635,[0.14980108],[0.12624284],[0.04593576]
485,93.67185521125793,0.029989029440765428,13.281158924102783,[0.14984297],[0.12634351],[0.04595921]
486,88.83424258232117,0.029988880179860074,15.575643539428711,[0.14987969],[0.12631082],[0.04598098]
487,91.58123636245728,0.030123482651143063,12.43948221206665,[0.15017279],[0.12654347],[0.04608313]
488,90.35235929489136,0.030035321897065096,11.134700536727905,[0.15008388],[0.12661743],[0.04603456]
489,88.44522261619568,0.03023724719374017,11.685218811035156,[0.15025144],[0.12666088],[0.04607978]
490,86.26132798194885,0.029717702884227037,12.658546686172485,[0.15013252],[0.12667757],[0.04606303]
491,93.61857748031616,0.029941168815988784,14.545542001724243,[0.15011172],[0.12655657],[0.04601949]
492,91.98901295661926,0.029741814882127626,12.187704086303711,[0.15033824],[0.12676212],[0.04609652]
493,87.8685371875763,0.030058377248357342,17.93171000480652,[0.15016844],[0.12672265],[0.04604796]
494,84.40561890602112,0.029866832054474136,12.052640199661255,[0.15028478],[0.12671201],[0.04606806]
495,92.30717635154724,0.029686693309081927,10.063134670257568,[0.15031372],[0.12662318],[0.04607475]
496,91.5649619102478,0.030154807154427875,12.37308120727539,[0.15017849],[0.12656152],[0.04602452]
497,86.24807000160217,0.030212918526935157,17.432430505752563,[0.15025333],[0.12664495],[0.04605131]
498,98.99231290817261,0.029553462341992243,12.11942195892334,[0.15035546],[0.12672877],[0.04608145]
499,89.88629698753357,0.02960815832413959,13.76047658920288,[0.150428],[0.12678615],[0.0460915]
500,92.29144978523254,0.029615204456742063,13.62887454032898,[0.15050242],[0.1268463],[0.04612834]
501,90.6677885055542,0.029540386902300094,10.850210189819336,[0.15066008],[0.12686619],[0.04616183]
502,89.18644261360168,0.029543272294856683,11.52515196800232,[0.15062333],[0.12687407],[0.04617523]
503,89.62836408615112,0.029592026344904997,16.047910928726196,[0.15052525],[0.126857],[0.04614844]
504,92.17258834838867,0.029943427372008863,15.109542846679688,[0.15086684],[0.12691696],[0.04623049]
505,90.61683964729309,0.029680096981764742,12.44264531135559,[0.1507779],[0.12699056],[0.04623551]
506,85.16638374328613,0.02982868277232605,8.790147542953491,[0.15083816],[0.12693704],[0.04623719]
507,76.82749152183533,0.029452092842095427,8.788646697998047,[0.15089761],[0.12704713],[0.04625059]
508,77.27962017059326,0.02924638856766802,8.67209792137146,[0.15070395],[0.12692164],[0.04621375]
509,76.56807160377502,0.030094565193385187,8.677258014678955,[0.15080419],[0.12697493],[0.04625059]
510,76.59492063522339,0.02919434386333733,8.854944229125977,[0.1509479],[0.12705177],[0.04625561]
511,77.04829382896423,0.029500281842745314,13.357211589813232,[0.1508161],[0.12698225],[0.04619867]
512,90.49789071083069,0.029530631773399586,18.636045932769775,[0.15073331],[0.12700657],[0.04620537]
513,90.56454348564148,0.029462307569279214,12.8294517993927,[0.15079076],[0.12709382],[0.04623384]
514,94.94007897377014,0.028878952541172204,13.070236682891846,[0.1508925],[0.12711628],[0.04625394]
515,88.89814805984497,0.029214436719852566,12.276500701904297,[0.15112308],[0.12718826],[0.04631255]
516,90.10320472717285,0.029312854397552785,14.406161308288574,[0.15116379],[0.12733913],[0.04633097]
517,91.22040820121765,0.029417265488794357,15.947520017623901,[0.15093964],[0.12716926],[0.04628575]
518,93.09355926513672,0.029133487394023123,13.00690746307373,[0.1508888],[0.12714179],[0.0462824]
519,102.90954113006592,0.029106385196850756,11.504125356674194,[0.15108969],[0.12727796],[0.04635106]
520,94.88957738876343,0.029064856483742144,10.46719241142273,[0.15102461],[0.12718951],[0.04634939]
521,91.04326963424683,0.029372006123227,14.499594688415527,[0.15091716],[0.12718927],[0.04630082]
522,94.28280353546143,0.029234144949551785,14.119108200073242,[0.1510285],[0.12715851],[0.04632259]
523,88.26961421966553,0.029202690225734254,12.926823377609253,[0.1509148],[0.12699345],[0.04629413]
524,91.30356168746948,0.02895226100497324,14.087157964706421,[0.1509685],[0.12708069],[0.04629915]
525,88.59271001815796,0.029207650967168087,15.460789918899536,[0.151087],[0.12710294],[0.04634269]
526,92.2321035861969,0.02926760110910041,12.412076473236084,[0.15092907],[0.12706118],[0.04633264]
527,89.39516758918762,0.029125705304922478,11.902542114257812,[0.15110347],[0.12716688],[0.04636948]
528,86.77906942367554,0.028895076472462727,11.905624628067017,[0.15116604],[0.12727838],[0.04637116]
529,90.24905920028687,0.029143273397678075,13.086785793304443,[0.15105141],[0.12714608],[0.04635609]
530,87.1639986038208,0.02864346086903654,11.669784784317017,[0.15127868],[0.12741671],[0.04636278]
531,92.11375522613525,0.028867475076983073,18.94090223312378,[0.15121936],[0.12732719],[0.04639628]
532,90.85465049743652,0.028630785168985828,12.671899557113647,[0.15140689],[0.12751518],[0.04647163]
533,91.22430062294006,0.028830165993610418,12.99446153640747,[0.15144899],[0.12752241],[0.04649508]
534,90.52381825447083,0.02882983951801152,13.97323751449585,[0.15156529],[0.12761051],[0.04651517]
535,91.24542284011841,0.02880765110574136,11.35717511177063,[0.15140752],[0.12743821],[0.04644819]
536,88.43505525588989,0.02865032402967865,13.081123352050781,[0.15162368],[0.12758512],[0.04648838]
537,88.50340056419373,0.0285185318948193,14.855948209762573,[0.15146197],[0.12748723],[0.04643982]
538,90.946298122406,0.02855291829039954,11.055314540863037,[0.15157689],[0.12759151],[0.04649508]
539,88.7605128288269,0.028796622430849256,14.232254981994629,[0.15163967],[0.12760716],[0.0465135]
540,93.88621282577515,0.028536912270191343,15.125645160675049,[0.15166198],[0.12759373],[0.04650847]
541,92.42611074447632,0.0288516170100657,12.227585792541504,[0.15175116],[0.12761388],[0.04651685]
542,88.041344165802,0.028965988695019422,13.05113697052002,[0.15167587],[0.12757638],[0.04653024]
543,87.36635684967041,0.02865282196852595,12.085148334503174,[0.15180256],[0.12772579],[0.04657378]
544,87.12967610359192,0.02859032821060732,12.409069299697876,[0.15166212],[0.12772565],[0.04655704]
545,89.03190183639526,0.0284280684456756,16.866954565048218,[0.15165039],[0.12766594],[0.04652354]
546,95.0535180568695,0.028443492488051305,11.315096855163574,[0.15167661],[0.12763027],[0.04656374]
547,92.33780694007874,0.028633047614923933,19.88860297203064,[0.15163571],[0.12771736],[0.04653862]
548,92.2989854812622,0.02838759980343207,10.853448152542114,[0.15183273],[0.12777119],[0.04658216]
549,83.2807445526123,0.028345290721967967,14.574069499969482,[0.15179598],[0.12782182],[0.04653862]
550,89.76523017883301,0.028394660484422036,12.705537796020508,[0.15193316],[0.12778946],[0.04659555]
551,87.66253709793091,0.028762718624990396,16.95301842689514,[0.15180824],[0.12767224],[0.04658048]
552,97.44634127616882,0.028482424796116772,12.884807348251343,[0.15197673],[0.12779037],[0.04660393]
553,88.2645218372345,0.028509494632181494,17.618416786193848,[0.15192439],[0.12773312],[0.0466056]
554,92.83154964447021,0.028611905463604315,11.029023170471191,[0.15199348],[0.12784816],[0.04663742]
555,88.99060654640198,0.028392815797806087,10.807711124420166,[0.15215267],[0.12797031],[0.04663407]
556,93.40274143218994,0.028559006336662505,12.742079973220825,[0.15205178],[0.12793198],[0.04662569]
557,91.95459699630737,0.028381853439666406,11.211192846298218,[0.15211785],[0.1280132],[0.04667091]
558,90.12934756278992,0.028182362728385313,14.120060682296753,[0.15198609],[0.12792581],[0.04662402]
559,87.7134804725647,0.028259244493462822,13.32116985321045,[0.15208329],[0.12795759],[0.04663407]
560,86.79569697380066,0.028264012959117842,11.45254397392273,[0.15221121],[0.12801502],[0.04668263]
561,90.26601266860962,0.02851157301961623,14.638171672821045,[0.15233752],[0.12819349],[0.04670105]
562,90.67576575279236,0.028279668242303713,14.923081398010254,[0.1521319],[0.12809879],[0.04665081]
563,94.42769408226013,0.028413620537542032,14.548834085464478,[0.15236752],[0.12817279],[0.04668598]
564,76.03399777412415,0.02834896505292919,10.520328044891357,[0.15239523],[0.12816665],[0.0467245]
565,43.96915006637573,0.028112500576735144,11.412322044372559,[0.15251644],[0.12810841],[0.04674292]
566,40.2595591545105,0.028030015175428354,14.763634443283081,[0.15263771],[0.12821802],[0.04678143]
567,41.29134392738342,0.028052172995163032,13.80902099609375,[0.15245336],[0.12807765],[0.04674794]
568,41.61557340621948,0.02827675976423603,7.87891697883606,[0.15223914],[0.12801227],[0.04668933]
569,33.526997089385986,0.028136444202803,8.059154748916626,[0.15260042],[0.12806882],[0.04673789]
570,33.49469971656799,0.02836634059239066,7.914356231689453,[0.15248932],[0.12807626],[0.04670775]
571,33.47327423095703,0.027744961935424743,7.892247915267944,[0.15241552],[0.12812318],[0.04667426]
572,33.63650441169739,0.027669235711183512,7.945937871932983,[0.15246351],[0.12837462],[0.04668765]
573,34.9495575428009,0.027853774043232804,7.945316553115845,[0.15259308],[0.12832691],[0.04672282]
574,33.41547131538391,0.027800932808807403,7.939219236373901,[0.15238486],[0.12839705],[0.0467044]
575,33.606948375701904,0.028142940027244163,7.928548574447632,[0.1524574],[0.12837904],[0.04673622]
576,33.473726749420166,0.027734977348397177,7.810474157333374,[0.15259711],[0.12832566],[0.04676636]
577,33.441802978515625,0.027726955326142336,7.935973882675171,[0.15256136],[0.12835292],[0.04675631]
578,36.656461000442505,0.02752341630144252,8.282843112945557,[0.1527287],[0.12850088],[0.04678646]
579,37.75595784187317,0.027906990111476244,9.669915914535522,[0.1528559],[0.12846137],[0.0468166]
580,43.69267702102661,0.02796816781652395,13.454941987991333,[0.15292016],[0.12846748],[0.04685511]
581,45.796715259552,0.02795418703721629,11.471294403076172,[0.1527646],[0.12839108],[0.04683]
582,43.61120080947876,0.027796761819509543,10.688677072525024,[0.15288965],[0.12838908],[0.04683334]
583,42.96353197097778,0.027785161213779993,10.294833898544312,[0.15276379],[0.12849819],[0.04683502]
584,40.68713903427124,0.028051056377025263,12.551563262939453,[0.15253708],[0.12841772],[0.04679985]
585,42.64162063598633,0.027790400994508857,10.58945345878601,[0.15273946],[0.12851437],[0.04683]
586,42.005364656448364,0.027964504557953337,11.085957288742065,[0.15277191],[0.12846153],[0.04681995]
587,39.143693685531616,0.028058381323147603,13.17369818687439,[0.1527096],[0.12850981],[0.04680488]
588,42.33384704589844,0.027376525334524688,10.976819515228271,[0.15294755],[0.12862805],[0.04688526]
589,46.80504298210144,0.027918752494522116,15.369045495986938,[0.1527884],[0.12858556],[0.04688023]
590,44.06526231765747,0.027844685971774537,12.165406465530396,[0.1527919],[0.12870136],[0.04689865]
591,44.181936740875244,0.027850091288035565,15.607748031616211,[0.15298681],[0.12867326],[0.04692042]
592,48.62708497047424,0.027658167229306817,12.039561986923218,[0.15275093],[0.12862639],[0.04686349]
593,48.04214262962341,0.027578620047242652,11.229158639907837,[0.1529193],[0.1287266],[0.04687353]
594,41.32928252220154,0.02768631593672314,15.429287195205688,[0.1529107],[0.12869748],[0.04687688]
595,42.74101161956787,0.027632920828770207,16.429056882858276,[0.15304203],[0.12875148],[0.04693382]
596,43.07701063156128,0.027569199912250042,10.841777563095093,[0.15296698],[0.12871434],[0.04689698]
597,41.89385414123535,0.027434298190090693,11.921363592147827,[0.15303059],[0.12877443],[0.04691707]
598,45.548848390579224,0.02733461610088595,15.237314462661743,[0.15327727],[0.1288569],[0.0469288]
599,46.29408001899719,0.02737015797145138,10.666730642318726,[0.15325443],[0.12884902],[0.04694219]
600,44.945817708969116,0.02757296183456977,11.005770206451416,[0.15313875],[0.12880498],[0.0469221]
601,46.45670533180237,0.027420055262292877,11.86596417427063,[0.1532889],[0.128898],[0.04694722]
602,41.151548624038696,0.027225259291666627,10.214882850646973,[0.1531932],[0.12886202],[0.04691372]
603,40.561076641082764,0.02743721633886147,11.822705507278442,[0.15305021],[0.12888684],[0.04689028]
604,47.129942655563354,0.027324839151756028,11.650782108306885,[0.1531301],[0.12894113],[0.04690535]
605,43.108983755111694,0.027333729716977388,16.04012966156006,[0.15314554],[0.12893938],[0.04691038]
606,52.321664571762085,0.027603953121926147,11.34479308128357,[0.15319443],[0.12901892],[0.04694219]
607,54.68787693977356,0.02759061422612932,19.135268688201904,[0.15346232],[0.12916459],[0.04698406]
608,48.12250852584839,0.027269028075453308,14.078446626663208,[0.15356153],[0.12925115],[0.04702592]
609,40.477243423461914,0.027278781045378758,10.056164026260376,[0.15346835],[0.12911167],[0.04698071]
610,45.5837881565094,0.02714210156012665,12.547017097473145,[0.15361935],[0.12928835],[0.04701922]
611,45.59153866767883,0.027332238368501866,10.68039059638977,[0.15350079],[0.12915448],[0.04699076]
612,41.83687138557434,0.027282239445908504,11.357714653015137,[0.15362011],[0.12925346],[0.0470343]
613,41.97302484512329,0.027280577176222294,9.596983432769775,[0.15365384],[0.12931698],[0.0470209]
614,42.92792534828186,0.026931417720260645,11.11455488204956,[0.15380577],[0.1293721],[0.04707784]
615,42.58638119697571,0.026864516562923338,15.335910081863403,[0.15389181],[0.12946031],[0.0470996]
616,43.876864194869995,0.027536224404519253,10.313881397247314,[0.15387165],[0.12934264],[0.04710965]
617,49.19230270385742,0.02733210041516959,12.738010883331299,[0.15372213],[0.1293672],[0.04707951]
618,41.25308895111084,0.02739100670441985,17.192965507507324,[0.15390111],[0.12945757],[0.04710128]
619,56.702808141708374,0.02738109709356319,20.268070459365845,[0.15388538],[0.12943455],[0.04714147]
620,49.50500512123108,0.026989675065822373,10.381505250930786,[0.15381599],[0.12940306],[0.04711468]
621,43.47625994682312,0.027099745719684192,10.247286796569824,[0.15390002],[0.12947524],[0.04716826]
622,41.49676465988159,0.027181010970827004,11.76309847831726,[0.1540034],[0.12954491],[0.04720008]
623,49.51945400238037,0.026782480802274113,10.554789543151855,[0.15407707],[0.12953049],[0.04719003]
624,51.67223620414734,0.027085319208451593,9.655849933624268,[0.15415497],[0.12953308],[0.04720845]
625,40.20975685119629,0.02691473456974508,14.604430913925171,[0.1543153],[0.12965575],[0.04723692]
626,40.59438347816467,0.026960308607103245,10.527435302734375,[0.15412475],[0.12954169],[0.04721348]
627,46.00075578689575,0.027081635728892352,13.020302057266235,[0.15417864],[0.12955872],[0.04721013]
628,48.27506709098816,0.026952632731108955,14.657071352005005,[0.15419836],[0.12953982],[0.0472252]
629,42.14006948471069,0.026739617630914606,9.98216462135315,[0.154257],[0.12969213],[0.04723692]
630,44.432751417160034,0.027112298268787187,10.223835945129395,[0.15447974],[0.1298439],[0.04729721]
631,45.80483317375183,0.02659248551730104,16.049662113189697,[0.15428275],[0.12973473],[0.04724864]
632,45.92392611503601,0.02678856636030656,10.748701810836792,[0.1542641],[0.12979934],[0.04725199]
633,39.5406436920166,0.02688327766578607,10.118127584457397,[0.15427674],[0.12962037],[0.04727879]
634,41.13780355453491,0.02707925477450845,14.044501781463623,[0.15419356],[0.12962851],[0.04725702]
635,46.408244609832764,0.027002909846340465,12.042846441268921,[0.15423554],[0.12963602],[0.04728046]
636,45.00777578353882,0.02706603499863184,10.784345149993896,[0.15422797],[0.12971297],[0.04727544]
637,44.19894528388977,0.026570480749613108,10.194920778274536,[0.1540694],[0.12977064],[0.04723022]
638,48.01233386993408,0.026531788205370457,15.455945253372192,[0.1542166],[0.12979682],[0.04728214]
639,51.7400336265564,0.026786318458052294,15.14863634109497,[0.15401334],[0.12960639],[0.04722687]
640,33.917784690856934,0.02689900922335007,7.668284177780151,[0.1540316],[0.12960626],[0.04724362]
641,33.91820740699768,0.02676556460709885,7.807256698608398,[0.15414152],[0.12964312],[0.04726874]
642,34.076024770736694,0.0266853180064848,7.763086318969727,[0.15411446],[0.12974063],[0.04726037]
643,33.999223709106445,0.026690223371854636,7.752717018127441,[0.15416633],[0.12976379],[0.04723692]
644,34.071778535842896,0.02662556471698212,7.850937366485596,[0.15427987],[0.12983783],[0.04727376]
645,34.1041305065155,0.026405275771112152,7.802906513214111,[0.15414488],[0.12979319],[0.04723525]
646,33.952327728271484,0.02661135353411388,7.714951753616333,[0.15417036],[0.12978513],[0.04725869]
647,33.89793515205383,0.026294801520616418,7.702203989028931,[0.15405168],[0.12978827],[0.0472051]
648,33.96524357795715,0.0266801995328731,7.683149814605713,[0.15411331],[0.12971384],[0.04719506]
649,33.75996422767639,0.026480094181618306,7.667902946472168,[0.15430334],[0.12975139],[0.04725367]
650,33.84836268424988,0.026452312109559173,7.668093681335449,[0.15426889],[0.12977716],[0.04725869]
651,40.99834585189819,0.02644475619543833,10.917521476745605,[0.15417119],[0.12976178],[0.04724027]
652,48.14506459236145,0.026633725995480112,11.838809967041016,[0.1543164],[0.12976806],[0.04725869]
653,49.21974778175354,0.02618438789075372,14.365114688873291,[0.15432393],[0.12972858],[0.04726706]
654,45.658787965774536,0.026607672679190984,10.409229516983032,[0.15429453],[0.12981527],[0.04723525]
655,41.446043491363525,0.02674041424567501,14.819249629974365,[0.15420336],[0.1297166],[0.04725869]
656,40.36103439331055,0.026124052482309066,13.068033218383789,[0.15437405],[0.12987486],[0.04730893]
657,46.374621629714966,0.026576568386658575,11.476988315582275,[0.15429623],[0.1297625],[0.04728046]
658,48.99605584144592,0.026097773658958347,23.40499973297119,[0.15439049],[0.12985481],[0.04727544]
659,47.21139335632324,0.026297012414557463,10.916707992553711,[0.15452565],[0.12989442],[0.04733907]
660,49.04388165473938,0.026688467085624886,15.506529092788696,[0.15454795],[0.12992328],[0.04733237]
661,45.4922513961792,0.02620953286649904,12.269476413726807,[0.1546769],[0.13007336],[0.04733907]
662,40.97119331359863,0.026316446854234343,9.986395359039307,[0.15464507],[0.12995307],[0.04733237]
663,41.61353540420532,0.026217002736762016,18.325648307800293,[0.15471595],[0.13001814],[0.04736084]
664,44.004786252975464,0.026318063277450173,10.24230432510376,[0.15467693],[0.13003583],[0.04735247]
665,42.77188539505005,0.02610646662386981,12.571237325668335,[0.1549064],[0.13016987],[0.04739433]
666,42.52109932899475,0.026274577973203525,17.494252681732178,[0.15494601],[0.1301479],[0.04742448]
667,44.35184288024902,0.026268945743489747,15.79259729385376,[0.1550707],[0.1302732],[0.04745797]
668,44.67465591430664,0.02612182269851216,13.421985387802124,[0.15505793],[0.13024253],[0.04746634]
669,43.28566884994507,0.0259351236063686,14.310728549957275,[0.15506629],[0.13029736],[0.04747806]
670,46.20270371437073,0.026089572789843637,14.021301507949829,[0.1550199],[0.1302625],[0.04745964]
671,43.800474882125854,0.02621020802832914,10.479398965835571,[0.15532963],[0.13047764],[0.04752998]
672,42.525493144989014,0.026082205383878464,10.094351053237915,[0.15516522],[0.13052386],[0.04751658]
673,41.47502779960632,0.025988341309130192,10.347033977508545,[0.15488394],[0.13039214],[0.04745462]
674,43.14946007728577,0.02599130587821657,9.922496795654297,[0.15520391],[0.13055373],[0.0475216]
675,41.14537715911865,0.02608819381625514,10.452571630477905,[0.15527285],[0.13066397],[0.04754337]
676,43.647955894470215,0.025855647818646348,12.09803056716919,[0.15530366],[0.13062624],[0.04756682]
677,45.617554664611816,0.025922521628966234,10.482648372650146,[0.15520313],[0.13051209],[0.04752328]
678,41.52553868293762,0.025970813037470133,10.969091176986694,[0.15516721],[0.13056369],[0.04755509]
679,43.30764889717102,0.025921892355939353,16.715117692947388,[0.15535747],[0.13056644],[0.04757017]
680,39.635727405548096,0.02608164440313674,14.045141220092773,[0.15547874],[0.13064439],[0.04766059]
681,46.118550539016724,0.026064958286970252,17.012922048568726,[0.15550759],[0.13057292],[0.0476405]
682,46.056638956069946,0.02581090134841324,11.704330682754517,[0.15522599],[0.13054712],[0.04757854]
683,45.0360324382782,0.025883082145204146,12.189269065856934,[0.15554346],[0.13062631],[0.04763045]
684,40.933253049850464,0.025938374117355455,10.593923568725586,[0.15564254],[0.13062216],[0.0476338]
685,47.404850482940674,0.026214312893724202,13.729021072387695,[0.15548694],[0.13054315],[0.04759696]
686,41.89742112159729,0.026078813206028156,11.90501356124878,[0.1554021],[0.13051404],[0.04756514]
687,42.708696603775024,0.026064219884574413,10.811784744262695,[0.15543778],[0.13060157],[0.04760701]
688,43.39081883430481,0.025874846125717717,9.875668287277222,[0.15545516],[0.13050838],[0.04756849]
689,41.09014534950256,0.025905512169831328,13.44077730178833,[0.15575631],[0.13066952],[0.0476405]
690,46.13259792327881,0.025865028889830968,14.10556697845459,[0.15571727],[0.13078463],[0.0476204]
691,43.97664189338684,0.025753641359959587,11.671562194824219,[0.15581636],[0.13080694],[0.04765557]
692,41.62592792510986,0.025821049410774552,10.30411171913147,[0.15560724],[0.13077422],[0.04763045]
693,44.61843299865723,0.025734094404286208,11.199422597885132,[0.15569273],[0.13073526],[0.04764385]
694,43.57965111732483,0.02569395245400944,10.41342544555664,[0.1556696],[0.13068182],[0.04764217]
695,46.82174515724182,0.02602061666454179,11.957535028457642,[0.15561579],[0.13076515],[0.04765055]
696,45.47566103935242,0.02592196913831162,10.372385501861572,[0.15566634],[0.13076902],[0.04767064]
697,40.773003339767456,0.02577473704863076,10.450358152389526,[0.15560696],[0.13077801],[0.04767399]
698,40.86229109764099,0.02566356427798217,8.859074115753174,[0.15570505],[0.13087832],[0.04770078]
699,44.145155906677246,0.02577123607066695,12.702945470809937,[0.15562815],[0.13089577],[0.04767901]
700,43.32685112953186,0.025563440774802607,13.529233455657959,[0.15552737],[0.13079281],[0.04768739]
701,46.71760654449463,0.025850179078377257,13.210553407669067,[0.15574037],[0.13108255],[0.04774097]
702,42.48395276069641,0.0255100826093118,9.820550918579102,[0.15571371],[0.13097343],[0.04771753]
703,37.786702394485474,0.02567155428719942,12.801189661026001,[0.15572671],[0.13093741],[0.0477393]
704,48.44918608665466,0.02579410480937422,18.39292049407959,[0.15566873],[0.13102856],[0.04769576]
705,45.68635821342468,0.025682871281686757,9.7646484375,[0.15569142],[0.13102695],[0.04772255]
706,45.373042345047,0.025592885506950845,15.856260061264038,[0.15562883],[0.13113647],[0.04772088]
707,47.21266269683838,0.02568264493267193,12.657514572143555,[0.15572896],[0.1311849],[0.04771418]
708,43.45360231399536,0.025345237459987402,14.343260049819946,[0.1557701],[0.13115431],[0.0477192]
709,42.1141996383667,0.02549883123543678,10.66741943359375,[0.15553901],[0.13103205],[0.04764887]
710,45.463024377822876,0.025634121751845484,14.123987436294556,[0.15564896],[0.13116163],[0.04766227]
711,45.09815430641174,0.025753648424840937,12.899353504180908,[0.15563471],[0.13114784],[0.04767901]
712,47.11448669433594,0.025321202630158326,11.601791858673096,[0.15578865],[0.13114182],[0.04771251]
713,39.4261212348938,0.02530064457801707,10.487503051757812,[0.15573903],[0.13122944],[0.04769241]
714,42.89465069770813,0.02552623714960058,7.737434148788452,[0.15578184],[0.13119217],[0.04773428]
715,33.897958278656006,0.025476603039700275,7.728700637817383,[0.15569539],[0.1311117],[0.04767399]
716,33.899827003479004,0.025512396541395872,7.646048069000244,[0.15576516],[0.1311683],[0.04769409]
717,34.003913164138794,0.02543101646946837,7.638374328613281,[0.15574481],[0.13121269],[0.04769576]
718,33.80651330947876,0.025318646874053007,7.742626190185547,[0.15556359],[0.13110684],[0.04765222]
719,34.95215940475464,0.025504811201244593,7.686175107955933,[0.1557164],[0.13120199],[0.04766227]
720,33.86162090301514,0.025405443071227784,7.823560953140259,[0.15587667],[0.13128028],[0.0477393]
721,34.00006055831909,0.025195804231734287,7.8579535484313965,[0.15596842],[0.13127788],[0.04777781]
722,33.979407787323,0.025428534043256682,7.651186227798462,[0.15586566],[0.13129587],[0.04773093]
723,33.943026304244995,0.025233078907911825,7.9038214683532715,[0.1557017],[0.13113765],[0.04767901]
724,33.88021469116211,0.025675485766671523,7.6309521198272705,[0.15604537],[0.13124995],[0.04777614]
725,33.805574893951416,0.025353346452719035,9.342895269393921,[0.15612518],[0.13126143],[0.04778786]
726,46.923060178756714,0.025486423182442333,9.952623128890991,[0.15615135],[0.13124385],[0.0478314]
727,45.55879807472229,0.025147208769928025,9.649368047714233,[0.15600799],[0.13121688],[0.04780628]
728,48.32322311401367,0.025280880224373605,13.956079959869385,[0.15615997],[0.13124638],[0.04780461]
729,43.89186692237854,0.025002172447251853,11.971858739852905,[0.15627771],[0.13141956],[0.04785485]
730,62.110554218292236,0.025462562547563905,16.602877140045166,[0.15627819],[0.13134128],[0.0478515]
731,66.0568459033966,0.02543187744426306,12.944733142852783,[0.15623241],[0.13143994],[0.04784815]
732,41.84295296669006,0.02518059207935526,9.893611431121826,[0.15607058],[0.13130546],[0.04782973]
733,42.58181571960449,0.02531848368564188,12.466123342514038,[0.15611936],[0.13141993],[0.04781801]
734,43.73769164085388,0.025013406205959994,12.094802618026733,[0.15622604],[0.13142737],[0.04788331]
735,42.82460117340088,0.024819752685913837,13.6560640335083,[0.15619814],[0.13137384],[0.04786657]
736,45.38466739654541,0.025111332225302856,10.573772192001343,[0.15616544],[0.13127127],[0.04784647]
737,42.466524839401245,0.025243325276544902,10.105406045913696,[0.15626843],[0.13137175],[0.04785485]
738,42.16027092933655,0.024939471197248708,9.9945547580719,[0.1563349],[0.1314118],[0.04784647]
739,44.756247997283936,0.025238791151404982,10.731951236724854,[0.15640931],[0.13153318],[0.04788499]
740,50.6309700012207,0.02516558896185774,10.158514738082886,[0.15628663],[0.13151733],[0.04786322]
741,46.684083223342896,0.024956536145335197,13.747715711593628,[0.15654557],[0.13154524],[0.04789671]
742,47.2619104385376,0.02509564726208948,12.733682870864868,[0.15635298],[0.13153022],[0.0478582]
743,43.02530479431152,0.02544502185826952,9.966259956359863,[0.15641322],[0.13142519],[0.04788164]
744,41.05056858062744,0.025237501965779247,10.5977201461792,[0.1565605],[0.1315085],[0.04789001]
745,41.923420429229736,0.024735119687675527,11.660095930099487,[0.15655526],[0.13163039],[0.04791681]
746,42.26321220397949,0.02515662850981409,10.293425559997559,[0.15666243],[0.13162504],[0.04793355]
747,44.148414850234985,0.024927002006219796,10.08889389038086,[0.1567268],[0.13166746],[0.04796202]
748,45.56668996810913,0.0249718234996603,18.24308705329895,[0.15666522],[0.13184416],[0.04796369]
749,47.754305362701416,0.02471555441599151,10.75948715209961,[0.15695817],[0.13194487],[0.048029]
750,45.44947338104248,0.024819125181459116,11.639030456542969,[0.15694709],[0.13197558],[0.04801896]
751,42.99881291389465,0.025074430280412088,10.47227692604065,[0.15687105],[0.13192727],[0.04799384]
752,42.16362905502319,0.025065052412412685,11.562525272369385,[0.15686002],[0.13186908],[0.04797877]
753,44.10743975639343,0.024862880874989612,11.75793719291687,[0.15680265],[0.13186456],[0.04799384]
754,39.06170582771301,0.02475786242031991,10.222501754760742,[0.15673387],[0.13189903],[0.04800556]
755,44.82727575302124,0.024944301313635977,10.177858829498291,[0.15677207],[0.13195213],[0.04802565]
756,42.49141216278076,0.02507149332174749,12.817452192306519,[0.1568281],[0.13198395],[0.04800556]
757,46.280109882354736,0.024992255978474414,12.651864767074585,[0.1569244],[0.13202793],[0.04803905]
758,45.05725622177124,0.024908905138609685,10.002460956573486,[0.1568883],[0.13204167],[0.0480424]
759,44.19662952423096,0.0247632799002182,11.232624769210815,[0.15701857],[0.13206597],[0.04810436]
760,45.18296241760254,0.02478782923402961,10.192467451095581,[0.15682735],[0.13197076],[0.04805747]
761,39.544097900390625,0.024839301758229432,10.3016836643219,[0.15691869],[0.13201089],[0.04808092]
762,45.312013149261475,0.024697621331804177,13.31472635269165,[0.15693023],[0.13201664],[0.04807924]
763,46.5551221370697,0.02483445703230723,10.8538658618927,[0.15694881],[0.13201821],[0.04809431]
764,51.50537896156311,0.02458121854285098,14.509084939956665,[0.15678954],[0.13200297],[0.04802733]
765,41.58296489715576,0.024611134263169434,9.805749416351318,[0.15705903],[0.13206908],[0.04811608]
766,41.17105793952942,0.02471092737966565,15.10673213005066,[0.15700827],[0.13212317],[0.04812278]
767,53.12300443649292,0.024773747025227003,10.949618816375732,[0.15690402],[0.13201774],[0.04808092]
768,40.37607431411743,0.02462049534149242,10.146400213241577,[0.15678778],[0.13203295],[0.04803403]
769,40.86284780502319,0.024830957639473256,11.001701593399048,[0.15682412],[0.13209113],[0.04803905]
770,40.2437961101532,0.02462580265957072,11.155509233474731,[0.15704135],[0.13215037],[0.04807589]
771,45.01707077026367,0.024587895937565,10.0128333568573,[0.1569625],[0.13206665],[0.04805747]
772,43.46316599845886,0.02461058407259936,10.337675094604492,[0.15711234],[0.13212978],[0.04809431]
773,44.16996359825134,0.02462234620399999,10.156970739364624,[0.15677954],[0.13193238],[0.04801058]
774,50.42374539375305,0.02453377778933506,12.169022560119629,[0.15692852],[0.13186499],[0.04802231]
775,40.471856355667114,0.02455095298625905,17.97307538986206,[0.15693344],[0.13194694],[0.04802565]
776,45.58970761299133,0.024347315227255376,10.746526002883911,[0.15690268],[0.13201776],[0.04800891]
777,45.66078853607178,0.02461565380464449,10.743685007095337,[0.15706968],[0.13200006],[0.04803403]
778,45.342554807662964,0.02475619681104265,12.207169771194458,[0.15727562],[0.13218568],[0.04810269]
779,44.50442028045654,0.0245332475140164,11.28152084350586,[0.15732339],[0.13225208],[0.04810269]
780,46.54630923271179,0.024372413462836934,10.315267562866211,[0.15727077],[0.13230646],[0.04811106]
781,41.63360810279846,0.02446413825200212,11.62041187286377,[0.1572574],[0.13223065],[0.04808929]
782,39.23250699043274,0.024712744545229155,11.875283479690552,[0.1571892],[0.13214517],[0.04808092]
783,54.15456700325012,0.024494984629328805,11.450449466705322,[0.15720379],[0.13216151],[0.04811608]
784,47.21751666069031,0.024541956132672953,11.30893611907959,[0.15704453],[0.13214238],[0.04810269]
785,44.548824310302734,0.024148307665429934,10.146429777145386,[0.15718291],[0.13219641],[0.04811106]
786,41.52010750770569,0.024196728433698717,10.002926111221313,[0.15731955],[0.13220544],[0.04812446]
787,44.6997230052948,0.02452735553937729,11.646002769470215,[0.15724495],[0.13214398],[0.0481345]
788,44.57486033439636,0.024198992939835243,11.31401252746582,[0.1571922],[0.13215411],[0.04809096]
789,33.874133348464966,0.024340105708688498,7.825690031051636,[0.15734787],[0.13219168],[0.0481412]
790,34.052042722702026,0.02443790953662811,7.736490726470947,[0.15739319],[0.13221494],[0.04816632]
791,33.89066505432129,0.024208926332343107,7.712485074996948,[0.1574007],[0.13223349],[0.04818976]
792,34.094016313552856,0.024283231588814295,7.685575485229492,[0.15757587],[0.13230284],[0.04821656]
793,34.76928091049194,0.024349738749666044,7.729469060897827,[0.1575005],[0.13230499],[0.04820651]
794,33.98048377037048,0.02428489528370626,7.787139654159546,[0.15748749],[0.13224981],[0.04822158]
795,33.86039757728577,0.024120175251455017,7.627501487731934,[0.15749097],[0.13217505],[0.04816632]
796,34.052175760269165,0.024406922463741567,8.460907459259033,[0.15753589],[0.13225833],[0.04820651]
797,36.95832324028015,0.024201149534848,8.208039283752441,[0.1574455],[0.13229891],[0.04817972]
798,46.08813261985779,0.024230778494830987,8.981266498565674,[0.15751399],[0.13235684],[0.0481479]
799,34.767489194869995,0.024170134162455045,7.702222585678101,[0.15762447],[0.13244145],[0.04824168]
800,42.3607611656189,0.024212277230966573,12.349051713943481,[0.1575708],[0.13238387],[0.04821153]
801,41.70181369781494,0.02426708894170294,12.730710506439209,[0.15760067],[0.1323981],[0.04822493]
802,41.898481130599976,0.023970352937326286,14.395953893661499,[0.15768254],[0.13244139],[0.04826345]
803,40.79030227661133,0.02407453984793539,14.14001727104187,[0.15763215],[0.13242666],[0.04824838]
804,40.73754668235779,0.02409451591283685,12.300541877746582,[0.15747222],[0.13237123],[0.04820316]
805,46.57209587097168,0.024361691701066012,10.524494171142578,[0.15754079],[0.13234858],[0.04821656]
806,41.965535163879395,0.02419985099131185,12.513907670974731,[0.15739647],[0.1323788],[0.04821488]
807,39.63527703285217,0.024016719593694717,10.372133016586304,[0.15744524],[0.13225587],[0.04819646]
808,39.69146108627319,0.023905508855188436,11.959126234054565,[0.15739555],[0.13218229],[0.04814455]
809,44.66133236885071,0.02411745527213571,14.168805599212646,[0.15726815],[0.13218921],[0.04813115]
810,40.999595642089844,0.02392229736509799,9.572880029678345,[0.15738711],[0.13220229],[0.048168]
811,46.04466795921326,0.024016222088701196,12.661683559417725,[0.15745449],[0.1321776],[0.0481479]
812,42.39705538749695,0.02417112797065967,15.44785475730896,[0.15761099],[0.13218809],[0.04817972]
813,41.675381898880005,0.024072321216491135,13.657596111297607,[0.15770349],[0.13233919],[0.04823498]
814,43.49713969230652,0.024227725943983203,9.741737842559814,[0.15744395],[0.13213078],[0.04816297]
815,39.23619294166565,0.024160525747433756,13.423464059829712,[0.15764205],[0.13224704],[0.04821321]
816,49.47926425933838,0.023873245686932346,12.608901500701904,[0.1576125],[0.13220037],[0.04820819]
817,40.6258339881897,0.023873099250568436,10.763079166412354,[0.1576506],[0.1322532],[0.04822158]
818,40.31894063949585,0.02415713227137622,10.716288328170776,[0.15785263],[0.13234068],[0.04826177]
819,42.69523549079895,0.023910888456598375,10.993847370147705,[0.15777354],[0.13238042],[0.04822493]
820,46.00352382659912,0.02407354029892671,13.36285924911499,[0.15773998],[0.13242231],[0.04823498]
821,46.963133335113525,0.02402983976038869,11.560179471969604,[0.15791351],[0.13254102],[0.04830029]
822,44.38446640968323,0.023875516016186787,15.790631294250488,[0.15807897],[0.13264931],[0.04832373]
823,41.08728384971619,0.024056195549553995,10.918599605560303,[0.15789508],[0.13259647],[0.04832038]
824,43.90449833869934,0.023885333327331927,11.806314945220947,[0.15786502],[0.13238816],[0.04827852]
825,45.61543536186218,0.023746460351641432,13.167744636535645,[0.15786689],[0.13246464],[0.04826847]
826,39.43937420845032,0.023817183623899413,10.911845922470093,[0.15768398],[0.13241878],[0.04823665]
827,46.535526752471924,0.023721084219751633,16.234543800354004,[0.15782639],[0.13241538],[0.0482668]
828,49.97942543029785,0.023770865551525293,13.116490125656128,[0.1578526],[0.13248746],[0.04828187]
829,40.609121561050415,0.023837729883991708,17.641651391983032,[0.15817059],[0.13258465],[0.0483388]
830,41.752460956573486,0.02418438688089902,11.23987364768982,[0.15797327],[0.13247231],[0.04830699]
831,45.401647329330444,0.023799524557861416,10.324037790298462,[0.15801876],[0.13251669],[0.04831871]
832,45.27823305130005,0.024044358778293386,19.46615219116211,[0.15805478],[0.13245146],[0.04831034]
833,47.40063452720642,0.02383743268861012,11.483013153076172,[0.15820594],[0.13262238],[0.04837732]
834,46.44416570663452,0.023347150567316947,19.307137966156006,[0.15810312],[0.13258415],[0.04835555]
835,44.17196822166443,0.023618690733035855,13.124712228775024,[0.15807385],[0.1326463],[0.04836392]
836,44.75246548652649,0.02380475549572947,12.76697587966919,[0.15818694],[0.13264446],[0.04839072]
837,42.303786754608154,0.023388700298682757,11.6226806640625,[0.15802925],[0.13257285],[0.04834048]
838,44.62123727798462,0.023881171618334272,11.625714302062988,[0.15815069],[0.13268046],[0.04837397]
839,45.127254247665405,0.024005897554822943,17.416476249694824,[0.15797226],[0.13256386],[0.04832876]
840,43.91903209686279,0.023752252035068745,13.17402982711792,[0.15792999],[0.13250421],[0.04831703]
841,46.70220351219177,0.02371173179614348,14.608652353286743,[0.15797025],[0.1325533],[0.04832038]
842,42.10676980018616,0.02360673380470035,10.478610038757324,[0.15799754],[0.13256804],[0.04833545]
843,40.847228050231934,0.02348189325438756,11.010018348693848,[0.1579301],[0.13255638],[0.04831201]
844,42.55567407608032,0.023766078104293258,10.306857347488403,[0.15801605],[0.13258545],[0.04837732]
845,43.3972270488739,0.02371670428023796,10.619294881820679,[0.1580114],[0.13254349],[0.04835053]
846,48.039273262023926,0.023606646293303883,11.086745500564575,[0.15806258],[0.13268627],[0.0483656]
847,46.40467715263367,0.023525224801040058,12.176342248916626,[0.15798657],[0.1325846],[0.04836225]
848,41.353273153305054,0.023832122146180183,12.175813436508179,[0.15816524],[0.13270261],[0.04841918]
849,46.629618644714355,0.02376703997236686,11.85211730003357,[0.15815577],[0.13271914],[0.04839909]
850,51.560088872909546,0.023300244863323792,10.687456369400024,[0.15801911],[0.13269359],[0.04835388]
851,48.29446601867676,0.02371200476537901,13.010260343551636,[0.15804089],[0.1326902],[0.04836895]
852,41.95501136779785,0.023690924485863157,10.64400315284729,[0.15804107],[0.13266668],[0.04839741]
853,53.41860008239746,0.023685585453429005,11.058651208877563,[0.15812075],[0.13267393],[0.04841416]
854,44.5038788318634,0.023420547737241393,11.70306944847107,[0.15826201],[0.13277007],[0.04846105]
855,41.02952170372009,0.023192920585661525,10.231401205062866,[0.15830475],[0.13291254],[0.04850124]
856,44.117213010787964,0.023506482569218584,10.068018436431885,[0.1583069],[0.13283856],[0.04847612]
857,49.29069972038269,0.023655489867910592,11.720826625823975,[0.15809661],[0.13277214],[0.04838904]
858,44.5747652053833,0.023500325567455904,12.601946353912354,[0.15824894],[0.13275102],[0.04841918]
859,43.71655058860779,0.023370101227133414,10.281684160232544,[0.15816911],[0.13281653],[0.04842086]
860,37.03674364089966,0.02329632109783665,7.648481845855713,[0.15828349],[0.13286945],[0.04845937]
861,33.826985359191895,0.023771465238597658,7.634565591812134,[0.15837524],[0.13287724],[0.04848282]
862,33.754613161087036,0.023134943281272143,7.605071306228638,[0.15820186],[0.1328629],[0.04843593]
863,33.95125889778137,0.02325419108900759,7.686829328536987,[0.15845781],[0.13290722],[0.04847779]
864,33.882975816726685,0.023609691196017794,9.338113784790039,[0.15831006],[0.13284955],[0.04841249]
865,33.99477219581604,0.023463443210912927,7.6354897022247314,[0.15833356],[0.13282656],[0.04842253]
866,33.84042286872864,0.02352329809218645,7.612674713134766,[0.15836458],[0.13282639],[0.048451]
867,33.84385704994202,0.023379367324664738,7.651606559753418,[0.15833245],[0.13279957],[0.04839407]
868,33.68462109565735,0.023238125228972145,7.660703420639038,[0.15838435],[0.1327962],[0.04838569]
869,33.891706705093384,0.02326854141287957,7.5699462890625,[0.15841311],[0.13288901],[0.04841583]
870,33.79057025909424,0.02342234206658722,7.613856554031372,[0.15857289],[0.13294913],[0.04846775]
871,33.92780685424805,0.023580206835623643,10.528208017349243,[0.15853695],[0.13290538],[0.04841751]
872,39.47652459144592,0.02333611859516664,10.76020884513855,[0.15837496],[0.13284535],[0.04839741]
873,41.90219497680664,0.02346888928194389,9.0443434715271,[0.15817798],[0.132665],[0.04835388]
874,42.3312783241272,0.023332586796540353,12.505958557128906,[0.15843733],[0.13276259],[0.04839909]
875,41.124969244003296,0.02346979427584118,15.767517805099487,[0.15849052],[0.13273256],[0.04843258]
876,40.8236129283905,0.023355603373299044,10.984241008758545,[0.1583619],[0.13268728],[0.04844095]
877,44.16777515411377,0.02345984206873585,12.270408868789673,[0.15848782],[0.13277673],[0.04845603]
878,44.988544940948486,0.023298926914882178,15.927923679351807,[0.15842384],[0.13286963],[0.0484644]
879,54.17396831512451,0.023604458376689993,13.341032028198242,[0.15842885],[0.13284344],[0.04848114]
880,42.02867150306702,0.023208675976616865,11.49972128868103,[0.15850124],[0.13275442],[0.04849287]
881,44.27234411239624,0.023285082828328765,11.19117784500122,[0.15841579],[0.13279959],[0.04848282]
882,45.61265730857849,0.02314534390138255,14.999209642410278,[0.15846642],[0.13284385],[0.04849287]
883,43.788731813430786,0.02328433387094375,11.47275447845459,[0.15856426],[0.13289065],[0.04853641]
884,43.53461956977844,0.02324510799401035,13.870121717453003,[0.15848944],[0.13290856],[0.04849622]
885,45.28385853767395,0.023447774468234393,10.558037281036377,[0.15871355],[0.13301948],[0.04855985]
886,41.95713686943054,0.023091984684626112,11.425981044769287,[0.15870901],[0.13307476],[0.0485565]
887,44.967737913131714,0.02343475530300327,10.603618383407593,[0.15880663],[0.13308647],[0.04856655]
888,38.32875967025757,0.023336473386734724,11.671823263168335,[0.15891226],[0.13315069],[0.04861344]
889,45.70653057098389,0.023469361834077523,16.868202209472656,[0.15880074],[0.13316295],[0.04857492]
890,43.80511164665222,0.023270804562013258,10.143771409988403,[0.15874756],[0.13311818],[0.04858664]
891,41.613370180130005,0.023178567510154662,13.990389108657837,[0.15878986],[0.13318913],[0.04860339]
892,48.96791052818298,0.023042439076240467,10.932074069976807,[0.15864572],[0.1331711],[0.04857157]
893,45.58355689048767,0.02265396806402038,10.352743864059448,[0.15872749],[0.13320408],[0.04855315]
894,44.23563051223755,0.023124265762027165,10.139422178268433,[0.15883782],[0.13325087],[0.0485766]
895,43.90855693817139,0.023020467883201712,10.477744102478027,[0.1588758],[0.1332319],[0.04858832]
896,43.885719537734985,0.02317824191884185,20.385032176971436,[0.15879818],[0.13322478],[0.04860674]
897,56.788511753082275,0.02284944885306888,11.976083993911743,[0.1587584],[0.13328348],[0.0485766]
898,56.97439384460449,0.022841477736059313,14.865928888320923,[0.15888403],[0.13331296],[0.04858999]
899,45.26060605049133,0.02309873320557403,10.635485410690308,[0.15895653],[0.13341031],[0.04863353]
900,50.3805456161499,0.02297043303178266,10.111627578735352,[0.15897757],[0.13336666],[0.04860004]
901,43.9075882434845,0.022965315202570925,11.535504817962646,[0.15888876],[0.13345411],[0.04858999]
902,56.40068459510803,0.02300498297325138,10.862080812454224,[0.15872138],[0.13342912],[0.04859167]
903,48.52572464942932,0.02314457077194344,18.59005308151245,[0.15880628],[0.13343234],[0.04860674]
904,53.71195864677429,0.0227536393277761,16.414248943328857,[0.1588115],[0.13332502],[0.04860506]
905,54.92345380783081,0.02309528462391234,11.829481601715088,[0.15867636],[0.1332993],[0.04857995]
906,42.307751417160034,0.022946156641336705,12.963301181793213,[0.15870471],[0.13331919],[0.04861679]
907,41.8698205947876,0.02290305181528733,9.509636640548706,[0.15882623],[0.13333881],[0.04863018]
908,45.62107253074646,0.022835030333336555,10.605457782745361,[0.15889731],[0.1334049],[0.04864358]
909,46.028138637542725,0.02303301224560298,11.047022104263306,[0.15894847],[0.13337408],[0.0486486]
910,43.87750434875488,0.022918851914429904,11.774117469787598,[0.15893197],[0.13332794],[0.0486486]
911,48.66183400154114,0.023224323324746256,10.945931673049927,[0.1586733],[0.13316589],[0.04856487]
912,46.76231670379639,0.022773228738588665,14.79398226737976,[0.15864703],[0.13322425],[0.0485565]
913,45.92502450942993,0.02278032471576348,16.174620866775513,[0.15870383],[0.13325755],[0.04857325]
914,41.07943606376648,0.02269287655045363,11.38299298286438,[0.15888207],[0.13334589],[0.04863018]
915,39.72398233413696,0.022846660715518424,10.502220392227173,[0.15887268],[0.13331592],[0.04862516]
916,45.67567157745361,0.022770581124914868,14.513768196105957,[0.15898549],[0.13330247],[0.04865865]
917,40.02781414985657,0.022808942139487375,13.527552127838135,[0.15910579],[0.13339531],[0.0486821]
918,40.7362916469574,0.022742760504097348,16.098541498184204,[0.15906359],[0.1335377],[0.04868544]
919,53.18552756309509,0.02292771428127331,10.448147773742676,[0.15909596],[0.13358397],[0.04873233]
920,40.974955797195435,0.02282363223382319,10.31787896156311,[0.15907607],[0.13354786],[0.04868879]
921,50.83113408088684,0.022724908188625118,12.030232429504395,[0.15894858],[0.13348103],[0.04869214]
922,46.178192138671875,0.022825028159364005,10.125707149505615,[0.15890493],[0.13333863],[0.04868879]
923,45.42523145675659,0.022697314968088057,11.626042127609253,[0.15889232],[0.13337531],[0.04871224]
924,47.1089346408844,0.022741202947053344,12.87540864944458,[0.15883338],[0.13333626],[0.04865028]
925,42.93580722808838,0.022578403492448756,13.303989171981812,[0.15870133],[0.13327283],[0.04861009]
926,45.93398475646973,0.022559326925230296,12.103557586669922,[0.15877921],[0.13316725],[0.04862014]
927,43.21608018875122,0.022886960649618295,23.14005398750305,[0.15870947],[0.13323131],[0.04863688]
928,49.13580322265625,0.02275723164825879,12.051660060882568,[0.15882473],[0.13328731],[0.04866702]
929,51.00434684753418,0.022747433511540294,14.238709211349487,[0.15900422],[0.13337242],[0.04871894]
930,49.80673837661743,0.02266450199966479,10.24644160270691,[0.15906273],[0.13336531],[0.04874406]
931,45.61478066444397,0.02274011434855485,12.796806812286377,[0.1591297],[0.1334383],[0.04873736]
932,44.04016923904419,0.022633723724125462,10.710124492645264,[0.15911389],[0.13350405],[0.04876582]
933,41.745826721191406,0.022679877399250564,10.474547863006592,[0.15897791],[0.13348285],[0.04875075]
934,45.05439805984497,0.02252397293488335,10.501883745193481,[0.15884441],[0.13328871],[0.04869884]
935,43.87528395652771,0.02269758514335586,10.018077373504639,[0.15886127],[0.133295],[0.04867707]
936,40.24597668647766,0.02287817480174279,10.378917217254639,[0.15904014],[0.1333197],[0.04868879]
937,43.730645418167114,0.02258208360419505,13.759266376495361,[0.15878673],[0.13320113],[0.04865195]
938,45.49847221374512,0.022782009638225038,13.574621438980103,[0.15879374],[0.13330217],[0.048662]
939,41.58187222480774,0.02263695140830194,11.687484979629517,[0.15892714],[0.13344759],[0.04869717]
940,54.83036923408508,0.02252613415593526,10.250438928604126,[0.15920339],[0.13348756],[0.04874406]
941,44.3573534488678,0.022542705973422134,7.691367149353027,[0.15925978],[0.1335538],[0.04876582]
942,33.823204040527344,0.02280269583423782,7.73955225944519,[0.15929046],[0.13360074],[0.04880099]
943,33.9156858921051,0.022693376447252854,7.737267971038818,[0.15921843],[0.13351964],[0.04875243]
944,33.87790560722351,0.02235615174427177,7.82564115524292,[0.15911683],[0.13357084],[0.04871056]
945,33.90415906906128,0.022733949538734224,7.662731885910034,[0.15938187],[0.13376983],[0.04881104]
946,35.48525547981262,0.02260280400749785,7.796814203262329,[0.15939765],[0.13369825],[0.04879932]
947,33.99254012107849,0.022963908627967943,7.874825716018677,[0.15938905],[0.13375593],[0.04880267]
948,33.84448742866516,0.022731073856861753,7.829352855682373,[0.15928242],[0.1337318],[0.04877755]
949,33.80982232093811,0.02261850780882694,7.66343355178833,[0.15938885],[0.13383545],[0.04883448]
950,33.842811822891235,0.022550719649051174,7.643476486206055,[0.15939526],[0.13381626],[0.04883281]
951,33.79008078575134,0.022672061907183943,7.6188623905181885,[0.15933866],[0.13375851],[0.04882276]
952,35.550452709198,0.02254135470903206,11.149354219436646,[0.15936907],[0.13385349],[0.04882778]
953,44.15113019943237,0.02213090497323058,12.327280044555664,[0.15934133],[0.13381069],[0.04881606]
954,39.969846963882446,0.02262261566809482,10.394959449768066,[0.15927069],[0.13379209],[0.04882778]
955,44.6314377784729,0.02245595420221563,12.896795749664307,[0.15920047],[0.1336649],[0.04877252]
956,47.367624044418335,0.022550876894401328,12.110026359558105,[0.15901462],[0.13360677],[0.04873903]
957,44.837984561920166,0.022467887127828417,12.36160922050476,[0.15934348],[0.13366845],[0.04875745]
958,44.58645272254944,0.02251208943051446,10.03392505645752,[0.15933807],[0.13374468],[0.04879262]
959,44.93472361564636,0.022143092575586505,15.610090970993042,[0.15936673],[0.13376867],[0.04879262]
960,47.43613004684448,0.022491294904753115,11.422290563583374,[0.15951658],[0.13378146],[0.04884621]
961,46.34192705154419,0.022586453033404216,11.049217939376831,[0.159568],[0.13386841],[0.04887635]
962,47.093464851379395,0.022400245220974238,9.978883981704712,[0.15947239],[0.13370618],[0.04882778]
963,39.28027558326721,0.02243696323436017,7.930778503417969,[0.15949143],[0.13372572],[0.04882778]
964,33.828723192214966,0.022147958176304595,7.7110912799835205,[0.15965829],[0.13390671],[0.0488663]
965,33.956016540527344,0.02265800422791279,7.616036653518677,[0.15962126],[0.13398486],[0.0488529]
966,34.05943059921265,0.02228189528816276,8.227473258972168,[0.15971027],[0.13399689],[0.0488596]
967,33.89190316200256,0.022458360763266683,8.244544744491577,[0.15956821],[0.13391337],[0.04883448]
968,33.89559841156006,0.022413517259098965,8.191848039627075,[0.15959172],[0.13401216],[0.04882611]
969,34.12282848358154,0.022008992392908443,7.968803405761719,[0.15956759],[0.13412673],[0.0488596]
970,33.82817840576172,0.022388849515618398,7.705645561218262,[0.15944954],[0.13403379],[0.04878592]
971,33.934821367263794,0.02242147946974846,7.5297324657440186,[0.15963893],[0.13417765],[0.04884788]
972,34.84580159187317,0.022176106481558898,9.90623164176941,[0.15962857],[0.13419738],[0.04886798]
973,46.629395723342896,0.022173982675685877,15.101585149765015,[0.1595926],[0.13413786],[0.04884955]
974,44.28357410430908,0.022136489009352948,11.840176343917847,[0.15958192],[0.13414825],[0.04888137]
975,51.90879011154175,0.022313899783925575,10.178529262542725,[0.15957598],[0.1341275],[0.0488529]
976,46.61285614967346,0.022130789138809448,11.921202659606934,[0.1594907],[0.13401521],[0.04884453]
977,44.42238473892212,0.022231229754973842,11.11762547492981,[0.15932321],[0.13398215],[0.0487742]
978,45.476587533950806,0.022033863856146734,16.26545810699463,[0.15909169],[0.13385561],[0.04868377]
979,44.600292682647705,0.02233421020774227,21.19736909866333,[0.15911219],[0.13386056],[0.04871894]
980,56.88962244987488,0.022182324675448013,13.191726207733154,[0.15901009],[0.13390855],[0.04871726]
981,51.927340269088745,0.022234083835336597,17.13731837272644,[0.15913811],[0.13391586],[0.04873401]
982,44.51808214187622,0.02229539676559995,10.246496677398682,[0.15919169],[0.13393449],[0.04871056]
983,45.37944459915161,0.022202452395412357,8.923892498016357,[0.15933672],[0.13396513],[0.04874238]
984,45.682302951812744,0.022200015719246232,11.11785340309143,[0.15948607],[0.1340278],[0.04874573]
985,46.88387632369995,0.022399489358631952,11.07340145111084,[0.15919767],[0.13392502],[0.04869717]
986,48.39370346069336,0.022129912827766003,10.162797451019287,[0.15934167],[0.13392262],[0.04870219]
987,44.831090688705444,0.022212731482630425,11.913862705230713,[0.15936513],[0.13389431],[0.04872396]
988,44.25806736946106,0.022259968389390095,9.782038450241089,[0.15955724],[0.13412738],[0.04878759]
989,46.3188853263855,0.022126945518803866,12.398220539093018,[0.15945298],[0.134041],[0.04877252]
990,48.03044390678406,0.02226947677895577,13.94445276260376,[0.15960359],[0.1340396],[0.04880602]
991,46.40043091773987,0.022000247264525506,11.447964906692505,[0.1594476],[0.13396517],[0.04878759]
992,48.07115435600281,0.021980747787488833,10.60087513923645,[0.15942222],[0.13407399],[0.04881104]
993,47.22953152656555,0.022532596175248425,14.721779108047485,[0.15967105],[0.13409032],[0.04885458]
994,41.73858880996704,0.022191167489221,13.581005334854126,[0.15972388],[0.13416005],[0.048873]
995,46.71251320838928,0.02220245006240227,11.721916913986206,[0.15963413],[0.13409004],[0.04882946]
996,46.3311824798584,0.021858527155762367,13.98827600479126,[0.1595268],[0.13406453],[0.04882611]
997,45.87353992462158,0.02191697429122422,16.905182600021362,[0.15948973],[0.13403527],[0.04880602]
998,50.686171531677246,0.02194643698660939,11.024872541427612,[0.15938671],[0.1339476],[0.04877587]
999,43.453685998916626,0.02196262538846996,11.988325119018555,[0.15964635],[0.13409262],[0.04885625]
1000,45.477853775024414,0.021965241595876938,10.854786396026611,[0.15953882],[0.134129],[0.04883281]
