Iteration,fit_time,epoch_loss,val_loss,evaluate_time,hit_rate,ndcg
0,89.46016907691956,118.41396597027779,0.8343015313148499,2.4821221828460693,[0.11288805],0.31895108275691325
1,90.97221374511719,40.80721743404865,0.1905689686536789,2.4298954010009766,[0.12126341],0.3444206475917483
2,81.23342275619507,12.85537276044488,0.0967758484184742,2.388005495071411,[0.12504309],0.35367612799314674
3,82.0236976146698,6.940191511064768,0.07060939446091652,2.423727512359619,[0.12877323],0.36724482149619336
4,85.58407258987427,4.597026811912656,0.05731060542166233,2.3485772609710693,[0.12999062],0.3769464073336229
5,86.63677310943604,3.3502651331946254,0.046929506585001945,2.779219627380371,[0.13188728],0.3848023459739306
6,91.03506350517273,2.575448891147971,0.040823617950081825,2.4757003784179688,[0.1337651],0.39187759436186415
7,86.17148232460022,2.0471607726067305,0.035985447466373444,2.4810290336608887,[0.13539876],0.39674425005219394
8,81.41909217834473,1.6641644183546305,0.033112987875938416,2.4008915424346924,[0.13720982],0.401174143336035
9,84.9512403011322,1.373375307302922,0.028447521850466728,7.211716175079346,[0.13880561],0.40443326182560274
10,90.13104820251465,1.1482333238236606,0.025340200401842594,2.311971426010132,[0.14137773],0.4084134926036611
11,84.37254881858826,0.9687691906001419,0.023988591507077217,2.3273823261260986,[0.14247724],0.4102944153736137
12,77.56129145622253,0.8242679603863508,0.021648362278938293,2.3038110733032227,[0.14515641],0.4136489745086604
13,84.99213075637817,0.7048994302749634,0.018680797889828682,2.336336851119995,[0.14734417],0.41571907153172694
14,76.7354667186737,0.6063947461079806,0.016744445078074932,2.2403106689453125,[0.14913484],0.4185333742813831
15,101.89349031448364,0.5239016192499548,0.014878148678690195,3.0618691444396973,[0.15028909],0.42059606875658306
16,78.36322736740112,0.45428457390516996,0.013976437970995903,2.300107002258301,[0.15145623],0.4222392604356342
17,76.73544144630432,0.39568564540240914,0.013510100077837706,2.2797014713287354,[0.15276812],0.4239867558974608
18,83.28948307037354,0.3456056892173365,0.011207734700292349,3.1476731300354004,[0.15435046],0.42575747796800856
19,87.67264723777771,0.30252360249869525,0.011143166571855545,2.255795478820801,[0.15500583],0.4271950755241979
20,76.62568926811218,0.26570632215589285,0.010775530245155096,2.2551980018615723,[0.15549275],0.42852157572146715
21,77.2775387763977,0.2334053085069172,0.008755320683121681,2.3108630180358887,[0.156061],0.429621643757822
22,76.36483311653137,0.20556420349748805,0.00875564874149859,2.2849671840667725,[0.15665856],0.4306979514945173
23,76.21501803398132,0.18158837588271126,0.00781289767473936,2.2410988807678223,[0.15708547],0.43139677881480687
24,75.53537321090698,0.16053839086089283,0.007207613904029131,2.2714457511901855,[0.15760247],0.43194085112540553
25,76.23788022994995,0.14215625275392085,0.006584990536794066,2.293522596359253,[0.15759052],0.43207825475411854
26,75.67903780937195,0.1259554743010085,0.005585001083090901,2.274340867996216,[0.15877859],0.432250148831396
27,76.14215683937073,0.11174639721866697,0.0055688966531306505,2.272531032562256,[0.15898235],0.43292789005459376
28,75.5492959022522,0.09928447447600774,0.005354772787541151,2.269767999649048,[0.15888569],0.4336871588797136
29,77.38410592079163,0.08835681318305433,0.00588361278641969,2.3217546939849854,[0.15942197],0.4341305948002383
30,76.19228649139404,0.07846817284007557,0.005775179248303175,2.25907301902771,[0.15893316],0.43449200633359314
31,75.80071115493774,0.0698631191480672,0.004335540463216603,2.262871503829956,[0.15951247],0.4352606614383937
32,76.3139169216156,0.06231979321455583,0.004848091164603829,2.3911404609680176,[0.15986977],0.43485717836472415
33,84.17296624183655,0.055612252617720515,0.003925904864445329,2.182004928588867,[0.16015306],0.43499987227561004
34,75.45602297782898,0.0496031667717034,0.004112469614483416,2.463953971862793,[0.16035779],0.4347590473732464
35,76.31740498542786,0.04435899051895831,0.003474554163403809,2.2377591133117676,[0.16069699],0.43504620707908076
36,76.0920569896698,0.03963806267711334,0.0029504175763577223,2.267605781555176,[0.1609398],0.4347919681616096
37,75.57249331474304,0.035467042194795795,0.0035418602637946606,2.3030407428741455,[0.16166807],0.43549225269857456
38,75.31573557853699,0.03174421814037487,0.0036126732593402267,2.2840256690979004,[0.16193027],0.4358790715941473
39,76.48574733734131,0.028428949975932483,0.0037096073501743376,2.311168670654297,[0.1624123],0.4367165819413217
40,76.81073307991028,0.025494188281300012,0.0023631855729036033,2.2255947589874268,[0.16277077],0.43665315780469777
41,93.5168297290802,0.022849481538287364,0.0036451295018196106,3.2242138385772705,[0.16331879],0.4370343084125775
42,75.65018510818481,0.02049277517653536,0.0022474266588687897,2.270310401916504,[0.16329212],0.43673592843958436
43,75.83443117141724,0.01841982936821296,0.0021725674741901457,2.188472032546997,[0.16383219],0.4367011335242159
44,76.28330612182617,0.01654897252228693,0.0021151332766748965,2.2461495399475098,[0.16384497],0.43640076864883054
45,76.44508171081543,0.014857736365229357,0.0019286829920019954,2.274675130844116,[0.16362722],0.43677972496855405
46,75.7276451587677,0.013363283531361958,0.0028956832829862833,2.243319272994995,[0.16443838],0.43702723923749986
47,76.68811893463135,0.012012796662020264,0.0025146249099634588,2.5924477577209473,[0.16487135],0.4374782627270001
48,75.91539287567139,0.010800416235724697,0.002397111034952104,2.3387677669525146,[0.16517117],0.4370373121759337
49,75.40799355506897,0.009721150136101642,0.0016994612524285913,2.2780728340148926,[0.16558774],0.4370393861078982
50,76.66306328773499,0.00876143665118434,0.0027876810636371374,2.310831308364868,[0.16552058],0.4366251347852731
51,76.5841634273529,0.007910645474112243,0.001576361566549167,2.1892776489257812,[0.16600832],0.4368318810711333
52,75.42893433570862,0.007125618496502284,0.0015363109996542335,2.267178535461426,[0.16606096],0.4368563980426356
53,75.61132884025574,0.00642650621739449,0.0015056231059134007,2.2574808597564697,[0.16639595],0.43693161422826754
54,76.32199430465698,0.005818318881210871,0.001448218448786065,2.306051254272461,[0.1662705],0.4366354041937313
55,76.02348017692566,0.00523904677174869,0.002102153899613768,2.246006727218628,[0.1665832],0.43668233066463313
56,75.87420201301575,0.004737776572255825,0.0013558574573835358,2.280754327774048,[0.16709233],0.4369880901434433
57,76.7581992149353,0.004283236025003134,0.00161012978060171,2.2197177410125732,[0.16724128],0.437223147982697
58,75.81161618232727,0.0038757143793191062,0.0019124939572066069,2.26840877532959,[0.16757319],0.43707056320080406
59,76.51295447349548,0.003511968309794611,0.0022026173101039603,2.254283905029297,[0.16737431],0.4366895270736443
60,75.77417850494385,0.003182685585670697,0.001226905980729498,2.295102119445801,[0.16728298],0.43657520054959315
61,75.91090059280396,0.002887892891521915,0.0019109227578155696,2.314603805541992,[0.16729712],0.4364575399217761
62,77.63657355308533,0.002618649928990635,0.0012406212335918099,2.320631980895996,[0.16737441],0.4361543743690637
63,76.44921898841858,0.0023775309455231763,0.0011399246723158285,2.7668445110321045,[0.16782871],0.43613572691724584
64,93.76239919662476,0.0021590952082988224,0.001800703874323517,2.3263137340545654,[0.16818049],0.43641465134968854
65,86.38757014274597,0.0019613998438217095,0.0014498158707283437,2.9167511463165283,[0.16845427],0.4366112373202283
66,90.91825318336487,0.0017861910423562222,0.0017390430730301887,2.191213369369507,[0.16867107],0.4367526284267251
67,75.76733946800232,0.001627382648166531,0.001077318644092884,2.25704288482666,[0.16874657],0.43673441431846544
68,75.76683735847473,0.0014848073979010223,0.0013509968994185328,2.2625861167907715,[0.16861806],0.4365294439230717
69,76.49325203895569,0.0013555055552387785,0.00107741508691106,2.3179543018341064,[0.1683099],0.4357379041291717
70,76.32237482070923,0.0012364280532892735,0.0016754046373534948,2.323824644088745,[0.16869499],0.4363716474560993
71,76.13101243972778,0.0011292115198102692,0.001994746366108302,2.312230348587036,[0.16846888],0.4356891962931698
72,76.45856523513794,0.0010340441485823249,0.0019556750339688733,2.286618947982788,[0.16857862],0.43554903326941397
73,75.69882154464722,0.0009463001526910375,0.0009880002471618354,2.257042407989502,[0.16866915],0.43571111204884366
74,75.93344354629517,0.0008671964665154519,0.0016135426994878799,2.2571308612823486,[0.16868737],0.43572177450640237
75,83.2520534992218,0.0007957769839777029,0.0016565648547839373,2.232088804244995,[0.16848382],0.43575120143084495
76,75.79706811904907,0.0007320956228795694,0.0009460238106839824,2.280783176422119,[0.168962],0.4362339408819085
77,75.83200192451477,0.0006726514295678498,0.0016242919955402613,2.3054163455963135,[0.16893413],0.4364201518526303
78,76.05023860931396,0.0006195122166445799,0.0009424549934919924,2.327924966812134,[0.16942513],0.43680192085450387
79,75.77019691467285,0.0005720743464507905,0.0009620518903830089,2.255671501159668,[0.16976274],0.4373058393091404
80,75.72754502296448,0.0005280756820411625,0.0009200773856719024,2.2897064685821533,[0.17023957],0.4376925679092962
81,76.77811336517334,0.0004868697259325927,0.0009261619052267633,2.686267614364624,[0.17019148],0.43763285466999824
82,76.0551655292511,0.00045028923818790645,0.0008963773252617102,2.400005578994751,[0.16980141],0.43702428769240426
83,76.13018369674683,0.0004172972920741813,0.0009023949096444994,2.303291082382202,[0.16990845],0.4375716664369017
84,76.29239773750305,0.0003869549656201343,0.000906821594981011,2.273209571838379,[0.17010157],0.4380304167580956
85,76.719961643219,0.0003595722331510842,0.0008870774763636291,2.3059298992156982,[0.17047503],0.43877867333035797
86,92.8772644996643,0.00033430304870307737,0.0011293066199868917,3.434238910675049,[0.17069878],0.43907784069750244
87,76.13086748123169,0.0003110853984935602,0.0017377246513206046,2.283338785171509,[0.17024867],0.4387978498587512
88,77.35678839683533,0.00029022253619359617,0.0017241592977370601,2.323148012161255,[0.17062675],0.4396461114709269
89,82.77206993103027,0.00027087067365982875,0.000859788586240029,2.4509520530700684,[0.17069378],0.43942732110790095
90,82.03695034980774,0.0002533859046707221,0.0014845433179289103,2.4370484352111816,[0.17073732],0.4394169328174238
91,82.35080361366272,0.00023707273157924647,0.0014866886485833675,2.4972221851348877,[0.17137438],0.4402583373567367
92,82.56901931762695,0.0002222551968316111,0.0008703881685505621,2.4763882160186768,[0.17189189],0.4410968936316666
93,82.64431715011597,0.00020871885556061898,0.0008600688306614757,2.3951077461242676,[0.17219889],0.4412793216817964
94,82.7644271850586,0.000196179135514285,0.0008394812612095848,2.4387238025665283,[0.17262263],0.4417027499035047
95,79.30842876434326,0.00018466746917056298,0.0014676554565085098,2.359097480773926,[0.17295993],0.4421930359021025
96,76.7097327709198,0.0001739877229169906,0.0010441714257467538,2.2433557510375977,[0.17309298],0.44258396132420946
97,75.95145010948181,0.00016473084363610724,0.0008151718029694166,2.2677245140075684,[0.17293229],0.44205357534479317
98,76.8506326675415,0.0001553299873648939,0.0014476333308266476,2.3776283264160156,[0.17294741],0.44302329939770846
99,76.25983500480652,0.00014699423246611332,0.0008090866340353386,2.366549015045166,[0.17327824],0.44347793248007794
100,76.79048109054565,0.00013945935648962404,0.000802362185822858,2.3110363483428955,[0.17342503],0.4434986480616514
101,75.9718132019043,0.0001323209362169564,0.0008012610924197361,2.319206476211548,[0.17364957],0.4438900310858595
102,75.50674724578857,0.00012575539349768405,0.0008074798533925787,2.2923879623413086,[0.17378844],0.4440382703779701
103,76.32767939567566,0.00011954679439440952,0.0008108468064165208,2.3440356254577637,[0.17408095],0.444570260564463
104,76.3569188117981,0.00011393525468861299,0.0009934927802532911,2.3117563724517822,[0.17449212],0.44514197400566435
105,76.48926901817322,0.0001085711563462155,0.0007805813957020291,2.258981943130493,[0.17406517],0.4452374894364334
106,76.35611581802368,0.00010380847373880897,0.0008035933278733864,2.3022780418395996,[0.17431977],0.4449678724325178
107,75.77990245819092,9.919138165059849e-05,0.0014008130092406645,2.320237636566162,[0.17449796],0.44541736171646856
108,93.19181370735168,9.489228867209931e-05,0.0007707172517257277,2.3617687225341797,[0.17406036],0.4450623661572348
109,77.79323363304138,9.102884328626715e-05,0.0009766024304553866,2.239431142807007,[0.17361348],0.44496713288628015
110,76.71162509918213,8.716767501937284e-05,0.0009592675196472555,2.2938876152038574,[0.17373661],0.4446764125544457
111,76.11218094825745,8.379015440596049e-05,0.001385142735671252,2.3455138206481934,[0.17368788],0.4449717761160708
112,84.20021963119507,8.054858054151737e-05,0.0009453814418520778,2.344853162765503,[0.1739815],0.4451512420023744
113,79.11749863624573,7.748425582576601e-05,0.0009447091142646968,2.307272434234619,[0.17388458],0.44511179420401126
114,76.72064065933228,7.470093015626844e-05,0.000756154683585919,2.352768898010254,[0.17377231],0.44505835621781303
115,77.01705718040466,7.208099597733053e-05,0.0007558221786894137,2.3554325103759766,[0.17394679],0.4453990486206731
116,76.76401877403259,6.947297215731396e-05,0.0013822824112139642,2.3361446857452393,[0.17392224],0.44551585193972476
117,77.02714776992798,6.711714517848577e-05,0.0015503590393564082,2.368177652359009,[0.17386801],0.4456343251774605
118,76.3134241104126,6.48423673084153e-05,0.001546215990856581,2.29880952835083,[0.17422872],0.44616122158248195
119,77.12444376945496,6.27399369932391e-05,0.0007475835500372341,2.2952394485473633,[0.17439026],0.44607425321997557
120,76.12823820114136,6.077834314055508e-05,0.0009102971234824508,2.3070197105407715,[0.17418617],0.4467285689909868
121,76.29058170318604,5.8927411700437915e-05,0.0009043599129654467,2.360978603363037,[0.17474842],0.4474359772848054
122,80.12019991874695,5.7176794513225104e-05,0.001358702254947275,3.2699310779571533,[0.17439467],0.44686407432321174
123,79.90594720840454,5.5491516889105696e-05,0.000895735778613016,2.3863158226013184,[0.17444083],0.4475667340011055
124,76.15556836128235,5.384126826868396e-05,0.0008937582606449723,2.3285675048828125,[0.17446296],0.4473154575467922
125,76.30507349967957,5.235115483515074e-05,0.000729439125279896,2.3365049362182617,[0.17456344],0.4474394764911149
126,76.71507358551025,5.0877987405328895e-05,0.0015114890684344573,2.342083692550659,[0.17475912],0.44725005924949846
127,82.58390665054321,4.9470569933873776e-05,0.0013476108870236203,2.4735612869262695,[0.17434379],0.44696740363245163
128,83.31534934043884,4.823414768395651e-05,0.000888207636307925,2.8823916912078857,[0.17456235],0.4469833470730662
129,83.53034329414368,4.700159163917306e-05,0.0008867757278494537,2.4506871700286865,[0.17474771],0.4473072523811722
130,96.59249925613403,4.580002122622773e-05,0.0007339446929108817,2.341205596923828,[0.17482588],0.44780102651622355
131,79.86686778068542,4.4636234207473535e-05,0.0008686365908943117,2.2988641262054443,[0.17467634],0.44784864539701214
132,77.48376035690308,4.361550668363634e-05,0.0013475062733050436,2.3105108737945557,[0.17483517],0.44776930738510035
133,78.41275191307068,4.2567544582539085e-05,0.000863604451296851,2.3457295894622803,[0.17466821],0.4472886673526585
134,78.5555944442749,4.160341934777989e-05,0.0007266538013936952,2.2678959369659424,[0.17536138],0.4481188752309898
135,77.58629989624023,4.0642876300012176e-05,0.0008651216339785606,2.391566514968872,[0.17454003],0.4473600711399174
136,78.0095226764679,3.9730076068167364e-05,0.0008692982664797455,2.3805344104766846,[0.17501373],0.4479050852285483
137,78.10439467430115,3.8809108019677296e-05,0.0007181768542068312,2.3300371170043945,[0.17495469],0.4477985749604918
138,77.72238802909851,3.8023259236297235e-05,0.0007101092751327087,2.424806594848633,[0.17457342],0.447404605521463
139,78.84283089637756,3.724779807612322e-05,0.0013363483303692192,2.415031909942627,[0.17491708],0.4479655313641734
140,78.01669764518738,3.643386123997061e-05,0.0014708739863635856,2.31546688079834,[0.17490439],0.4479740826678238
141,78.40223169326782,3.571627428300417e-05,0.000706427167642687,2.390111207962036,[0.17471996],0.4480457555711816
142,77.65703272819519,3.5044055920252504e-05,0.0007071674117469229,2.346444845199585,[0.17490803],0.4482726441173288
143,77.4369707107544,3.4318284107826e-05,0.0013239173567853868,2.2456247806549072,[0.17461159],0.44857187358957923
144,76.85955452919006,3.367111507657228e-05,0.0007064325100145652,2.3233847618103027,[0.17510439],0.44849212505192676
145,76.49642443656921,3.303033024337765e-05,0.0007058433366182726,2.267416000366211,[0.17506403],0.4481394557465076
146,77.6460599899292,3.242080149590265e-05,0.0007053478066154639,2.2879526615142822,[0.17533139],0.44838125839542464
147,76.25825643539429,3.1809849964758996e-05,0.0007088950624165591,2.3283119201660156,[0.17565398],0.4489739365435002
148,76.75142335891724,3.1249470588079475e-05,0.0014609665349780698,2.2973320484161377,[0.17490645],0.44822267811056943
149,76.63145351409912,3.068811529516324e-05,0.0008312600839417428,2.2696001529693604,[0.17495514],0.4484195904377521
150,78.17063808441162,3.0173474506511866e-05,0.0013173506449675187,2.2698936462402344,[0.17503255],0.4481902844995079
151,76.72243213653564,2.9627781430008326e-05,0.0013157522771507502,2.2922987937927246,[0.17535967],0.4484717453586839
152,80.86385703086853,2.9143573073042717e-05,0.0006947164356461144,3.0871660709381104,[0.17513226],0.4490157513469864
153,90.29332423210144,2.8644539455058293e-05,0.0013194544008001685,2.3125216960906982,[0.17523073],0.4486906518855722
154,76.93295216560364,2.8178902965692032e-05,0.0006918800706898764,2.2827558517456055,[0.17505533],0.4483907582144183
155,76.85365295410156,2.7727782928366196e-05,0.0006987813812884269,2.2641115188598633,[0.17487206],0.44835274237033407
156,77.19740009307861,2.729303721338283e-05,0.0013125802361173555,2.287381172180176,[0.17456371],0.44829574190565097
157,76.37568831443787,2.6848777267218793e-05,0.0006957235418667551,2.312880277633667,[0.17484775],0.44853948959558515
158,77.44014143943787,2.648240679548053e-05,0.0013142442621756345,2.305185317993164,[0.17533419],0.44924936144308586
159,76.39582848548889,2.6018508428649056e-05,0.0008221866155508906,2.33701491355896,[0.17523185],0.44886347929129866
160,77.3437237739563,2.5648959841362284e-05,0.0006910863303346559,2.2566866874694824,[0.17483817],0.4485730219213455
161,76.6710786819458,2.5252066393477435e-05,0.0008201837190426886,2.360110282897949,[0.17512656],0.4492173848289074
162,77.2280945777893,2.488283629986654e-05,0.0013053820293862373,2.3114943504333496,[0.17503586],0.4491497250631396
163,77.208740234375,2.450859101088554e-05,0.0008149692439474165,2.2542848587036133,[0.17517875],0.4487237111746844
164,83.9031572341919,2.417082983185992e-05,0.000684569579334493,2.3066816329956055,[0.17499856],0.44903013998757924
165,76.74366807937622,2.3839228639133125e-05,0.0006910261199664092,2.336677074432373,[0.1750682],0.44915537774229264
166,76.28540682792664,2.352178141507011e-05,0.0008041653345571831,2.2592341899871826,[0.17507946],0.44933788603346253
167,77.37603497505188,2.3178034176396523e-05,0.0008028173324419186,2.243623733520508,[0.17465145],0.4488692507905153
168,76.32333970069885,2.2877774227936243e-05,0.000686753011905239,2.3131277561187744,[0.17529829],0.4496048754715351
169,76.40450477600098,2.256968226532763e-05,0.0006855842084405595,2.258225202560425,[0.17525229],0.449230670809358
170,77.09130430221558,2.2278975343681395e-05,0.0008068643801379949,2.2726385593414307,[0.17485964],0.4489959963635486
171,76.95947670936584,2.1963058586038642e-05,0.0006892100009281421,2.2476298809051514,[0.17496419],0.44914912054286615
172,76.1737334728241,2.168337443464452e-05,0.00080323193105869,2.310544729232788,[0.1751777],0.4495535932305399
173,77.92076873779297,2.14047207904855e-05,0.0014141585816105362,2.376384735107422,[0.17516387],0.4495234283084721
174,77.4841136932373,2.114684247800369e-05,0.0006813739482822712,2.2448513507843018,[0.17577925],0.449552330989173
175,95.33695387840271,2.0889337484675252e-05,0.0006763557003068854,2.335022211074829,[0.17471015],0.4485943948739787
176,76.34041714668274,2.0628227225927276e-05,0.000675818001582229,2.291297435760498,[0.17498797],0.4486806842409295
177,77.17946481704712,2.036114500469921e-05,0.001294527253776323,2.2524654865264893,[0.17486869],0.44839160453688603
178,77.06735134124756,2.0139958571974148e-05,0.001299602838116698,2.2856605052948,[0.17476368],0.4481250526301313
179,76.82507801055908,1.9898292812570162e-05,0.0012911029334645718,2.320385217666626,[0.17464457],0.44788802184015986
180,76.56170845031738,1.9635856176591915e-05,0.0014083290784583369,2.303445339202881,[0.17487909],0.44804609999398703
181,77.0110650062561,1.9410136317787874e-05,0.000788375866250135,2.3301069736480713,[0.17505128],0.4484462138890073
182,77.2505145072937,1.9185346090466737e-05,0.0012842664145864546,2.268423080444336,[0.17453605],0.44862557598401387
183,76.75124764442444,1.8964020718215124e-05,0.0006759121242794208,2.2403173446655273,[0.17513701],0.4481350306060586
184,76.79010009765625,1.8764333631793306e-05,0.0007840239850338548,2.251136302947998,[0.17531638],0.44853218684976864
185,76.87815880775452,1.8541105937686098e-05,0.001281505341466982,2.3064496517181396,[0.17503716],0.4487387712677154
186,77.58849573135376,1.8332847979252165e-05,0.0012808642568415962,2.3368749618530273,[0.17482189],0.4486136069921693
187,76.83438277244568,1.8131137011323517e-05,0.0006684249765385175,2.2747795581817627,[0.17451448],0.44844134962056464
188,77.60370254516602,1.7940428708840273e-05,0.0013959744774183491,2.338264226913452,[0.17474187],0.4485767085750023
189,77.09254050254822,1.7742123382902264e-05,0.0007821962790330872,2.295055627822876,[0.17487404],0.4485644507030899
190,77.29022765159607,1.7570333525895876e-05,0.0006699834902974544,2.266603946685791,[0.17453157],0.44828008099835237
191,77.4824287891388,1.7377891680325774e-05,0.0006715247609463404,2.32245135307312,[0.1748522],0.44854419699663656
192,76.56229615211487,1.719762184393403e-05,0.001276655813853722,2.262955665588379,[0.1745886],0.44822278920228537
193,76.73798155784607,1.702355969968039e-05,0.0012779633107129484,2.3335390090942383,[0.174849],0.449155051875878
194,77.23326206207275,1.6837443556738663e-05,0.0007749042997602373,2.301013231277466,[0.17482522],0.44889967105584727
195,77.18933939933777,1.665396219863169e-05,0.0007762981695123017,2.313676595687866,[0.17448668],0.4484474967643156
196,76.8196132183075,1.6504554796625825e-05,0.0012766100917360745,2.2712130546569824,[0.17446144],0.44844103170669986
197,84.72929668426514,1.6341541225983747e-05,0.0013864611523786152,3.0929572582244873,[0.17424822],0.4476010849731596
198,86.34361219406128,1.617466060110928e-05,0.0006668709793302696,2.2839882373809814,[0.17447712],0.448055799190188
199,76.78150081634521,1.601798707895341e-05,0.0006643101119152561,2.2755022048950195,[0.17463057],0.4480156516116113
200,79.70800352096558,1.586585491253345e-05,0.0006617586213906179,2.435091018676758,[0.17419425],0.4477394196077715
201,82.78162503242493,1.5720647596140225e-05,0.0013847442346559546,2.4011270999908447,[0.174115],0.4479781255749251
202,82.2814633846283,1.555671396147318e-05,0.0006639820985583356,2.4075918197631836,[0.17425896],0.44845019822499577
203,82.77796983718872,1.5406223699443444e-05,0.001377897270685935,2.414896249771118,[0.17403865],0.4485049994458337
204,82.81352758407593,1.529852848847213e-05,0.0006620730960094079,2.345123529434204,[0.17392898],0.44846084170544925
205,82.06698441505432,1.5119950024455875e-05,0.0007697184482822195,2.4212284088134766,[0.17420691],0.4483576285264338
206,82.51400065422058,1.4986064471145255e-05,0.0006620474814553745,2.394101619720459,[0.1740519],0.44870604267480213
207,82.53674530982971,1.483942335056554e-05,0.0007701441500103101,2.404684543609619,[0.17446089],0.448471955854695
208,82.78262782096863,1.4729024595538931e-05,0.0006605816051887814,2.42551851272583,[0.1739804],0.447898572757317
209,82.128173828125,1.4581648539291336e-05,0.0006583576155207993,2.3887312412261963,[0.173541],0.44769162881390817
210,82.5241129398346,1.4443495430782605e-05,0.0006591301307707909,2.461477041244507,[0.17429145],0.4481759698182187
211,87.18983006477356,1.43293715844095e-05,0.0006567905550127762,3.227437973022461,[0.17433464],0.4483885168673483
212,83.87658476829529,1.4202946687191798e-05,0.0006592093532162835,2.485318183898926,[0.17443396],0.4487329944269649
213,81.99604558944702,1.4080046842224192e-05,0.001266223051061388,2.3606162071228027,[0.17396436],0.448496568531454
214,82.1830735206604,1.3952357203805832e-05,0.0012695187324425206,2.423607587814331,[0.17351055],0.4484309966923675
215,82.56834578514099,1.382872776645172e-05,0.0006574545500370732,2.419001579284668,[0.17376838],0.4485798356335366
216,82.22335362434387,1.3717446009309242e-05,0.000660483839965309,2.417717456817627,[0.17432815],0.4490370440534176
217,83.3093581199646,1.3617744404115228e-05,0.0013683515048796835,2.4065628051757812,[0.17433014],0.44879602654210715
218,87.589346408844,1.349832627894898e-05,0.0006572740112460451,3.0794777870178223,[0.17426394],0.4486335165454845
219,92.12249779701233,1.337864072326056e-05,0.0012666264738072641,2.384647846221924,[0.17397269],0.4484520916347549
220,81.76584577560425,1.3277392213240091e-05,0.000655943549645599,2.35015869140625,[0.17406792],0.4485368461724856
221,76.18736171722412,1.3158934262236244e-05,0.0012647252879105508,2.343897581100464,[0.17414018],0.4489632950210932
222,76.22065281867981,1.3051158543220254e-05,0.0013651913809553662,2.2807021141052246,[0.17388885],0.44842004028065013
223,75.89949059486389,1.2946139325009653e-05,0.0007538640493294224,2.2779438495635986,[0.17367548],0.4480308967999191
224,75.98820185661316,1.28337374363241e-05,0.0013605208732769825,2.282459259033203,[0.17427775],0.4483776155744668
225,75.9415602684021,1.2736309798810908e-05,0.001263862504856661,2.303727388381958,[0.1738022],0.4482859161025558
226,76.2587468624115,1.2636351385708622e-05,0.0007540973019786179,2.324012517929077,[0.17416217],0.44846402907329014
227,75.94655323028564,1.2541054257297901e-05,0.0012570721373776905,2.3243823051452637,[0.17442356],0.44879075796179185
228,76.21215748786926,1.2451593864426513e-05,0.0006491935685062344,2.2617506980895996,[0.17492686],0.44886490397512974
229,75.54506611824036,1.2363788282954147e-05,0.0006515452378152986,2.304204225540161,[0.17469894],0.4486507361051022
230,75.77063536643982,1.2255496979918235e-05,0.0013565646258939523,2.2815370559692383,[0.17433566],0.44823449597980086
231,75.70007491111755,1.217302554934463e-05,0.0012598909161170013,2.2411797046661377,[0.17435218],0.44806996470856214
232,76.12746334075928,1.2072363503534689e-05,0.0006488499402621528,2.2698588371276855,[0.17435037],0.44839559162221665
233,76.04409527778625,1.1976968135485322e-05,0.0012587525634444319,2.356842517852783,[0.17457891],0.44835482982572467
234,77.0010097026825,1.1895797662475616e-05,0.0012525892670964822,2.271343946456909,[0.1742805],0.4483557825127514
235,76.9807620048523,1.1792637767626957e-05,0.0006489783263532445,2.3342373371124268,[0.17443588],0.44894458195793174
236,75.86899375915527,1.1708840546020838e-05,0.0006506736126539181,2.282240152359009,[0.1744329],0.44837561876572096
237,76.13594365119934,1.1623309923436409e-05,0.0012512893954408355,2.323986530303955,[0.17413247],0.44821803070639027
238,76.32145619392395,1.1558037236625296e-05,0.0012559914393932559,2.273756265640259,[0.17352239],0.4475003112648334
239,78.88288879394531,1.1469154188148423e-05,0.001256164803635329,2.2231531143188477,[0.17332376],0.44748784753981835
240,75.83569979667664,1.1381231701079741e-05,0.0006455382206240756,2.298593759536743,[0.17284635],0.4474491804830862
241,92.94351744651794,1.1307473009480873e-05,0.0012502726603997871,2.2930798530578613,[0.17339873],0.44760625646148205
242,77.28943419456482,1.1211990358361845e-05,0.0006455456355070055,2.2441184520721436,[0.17295673],0.44741717323451796
243,75.98530387878418,1.1165190056061647e-05,0.00064455963229193,2.3216652870178223,[0.17366822],0.44749689939105214
244,75.85539078712463,1.1070668232804337e-05,0.000745405734051019,2.251579999923706,[0.17360685],0.4473417786626609
245,76.51870489120483,1.0993532100656012e-05,0.0006449757013342605,2.326833963394165,[0.17323084],0.44696915552475885
246,75.78614068031311,1.0932766077331735e-05,0.0006435674059730445,2.3037664890289307,[0.17359619],0.44748245974992695
247,76.8562240600586,1.0839664799533466e-05,0.0012526940045063384,2.3153698444366455,[0.17417566],0.4477512858959091
248,76.27876281738281,1.0763104754119013e-05,0.0006455253187596099,2.2532689571380615,[0.1741161],0.44846104129845904
249,76.29919815063477,1.0697408054483049e-05,0.000741169773391448,2.284099578857422,[0.17375609],0.44835556539723037
250,76.62096452713013,1.0617732456807971e-05,0.0007385580975096673,2.2525525093078613,[0.17358471],0.4487403653670443
251,76.17979311943054,1.0554047442212777e-05,0.0007415345462504774,2.2822139263153076,[0.17328845],0.44839596557070455
252,75.9351315498352,1.0488520757689912e-05,0.0007382383773801848,2.2931008338928223,[0.17388498],0.44863214837373555
253,84.24153733253479,1.0420408571576445e-05,0.0013448139511638146,2.281773090362549,[0.17352834],0.448412877261898
254,76.0809953212738,1.034925353948779e-05,0.0012462622180464678,2.3268320560455322,[0.17354009],0.44824293367057205
255,76.15480923652649,1.0282607057376936e-05,0.0007366383651969954,2.2923781871795654,[0.17367394],0.4482160774697614
256,76.29611825942993,1.0222625064670865e-05,0.0007387286896118894,2.307779550552368,[0.17384899],0.4480760966440832
257,75.37351393699646,1.0154767377201779e-05,0.0006403006960908897,2.3076655864715576,[0.17342885],0.44751436300577313
258,75.65129327774048,1.0092990532228896e-05,0.0012447661938495003,2.282433032989502,[0.17335441],0.4475983346311927
259,76.42288827896118,1.0036400286850267e-05,0.0006430045168599463,2.294229745864868,[0.17407525],0.44848120672909364
260,76.46002411842346,9.953425941233718e-06,0.0007351297826971859,2.291090250015259,[0.17433383],0.44883680293026407
261,75.68565392494202,9.898353924953085e-06,0.0006390902525481579,2.36442232131958,[0.17350544],0.4481907237747743
262,77.41110420227051,9.832265071452184e-06,0.0006389143929936836,2.24513840675354,[0.17346459],0.44852797206871886
263,78.48731541633606,9.773882961638947e-06,0.0006427910411730409,3.1636545658111572,[0.17338356],0.4482295985873808
264,91.69491410255432,9.715307179192223e-06,0.0006408123012988653,2.25903058052063,[0.17348748],0.44842423142611293
265,76.00147104263306,9.65253132889643e-06,0.0007346618658630177,2.2410202026367188,[0.17337201],0.44818009705651607
266,77.75567770004272,9.594663364254075e-06,0.0006388583474290499,2.2661125659942627,[0.17347359],0.4483982287007979
267,76.08633017539978,9.544699050678673e-06,0.0006371325783902648,2.299832582473755,[0.17351986],0.44816875515875326
268,76.27989220619202,9.48152323587692e-06,0.0006397119605026091,2.287893056869507,[0.17326188],0.4481232567397522
269,76.04917597770691,9.420924403258368e-06,0.001331154782747035,2.298029899597168,[0.17344035],0.44822527046051985
270,76.05990290641785,9.361632148596755e-06,0.0013329931334737921,2.226557493209839,[0.17343899],0.4484726770742433
271,76.84540247917175,9.31021243388841e-06,0.0007316098344745114,2.3021838665008545,[0.17331133],0.4483154555523294
272,76.45926475524902,9.24789726752806e-06,0.0006405047297448618,2.3353753089904785,[0.1728519],0.44833980509741195
273,76.64306211471558,9.207031757441086e-06,0.0006418297798518324,2.3572745323181152,[0.17291631],0.4484468608573197
274,76.07205629348755,9.152248928501194e-06,0.0006418885022867471,2.304655075073242,[0.17293647],0.4481811872690369
275,77.00764203071594,9.103971319035509e-06,0.0013322650297595828,2.311356782913208,[0.17286362],0.4479199375606373
276,75.93378067016602,9.038190405874502e-06,0.0006355037035064015,2.2630321979522705,[0.17315796],0.4483669616796488
277,76.75227046012878,9.00204150866557e-06,0.0007285388855962083,2.323509693145752,[0.17315208],0.4480057230833343
278,75.83344769477844,8.936984063012687e-06,0.0012375936130410992,2.267810821533203,[0.17321761],0.4483095403144608
279,76.49264740943909,8.889220080021687e-06,0.0007249740301631391,2.3171284198760986,[0.17337282],0.448542047714996
280,76.3379499912262,8.843467199426414e-06,0.0006361945329445007,2.336761713027954,[0.17343441],0.4483246174128839
281,75.8104476928711,8.792993785533554e-06,0.0013252550861579948,2.259192705154419,[0.17319945],0.4482857480391241
282,75.68946170806885,8.745379211916315e-06,0.0007239709666464478,2.2625110149383545,[0.17285396],0.4479618571506675
283,76.791090965271,8.686838544491593e-06,0.0013265102488730918,2.299126386642456,[0.17254043],0.44763244119797796
284,76.52971529960632,8.641769044359648e-06,0.0007230898627312854,2.3742010593414307,[0.17347616],0.44857435301942433
285,76.176917552948,8.586077044014928e-06,0.0007267558394232765,2.2499895095825195,[0.1732441],0.4478132119162858
286,86.531911611557,8.53841437198355e-06,0.0007246839377330616,4.295578956604004,[0.1730906],0.44773642600902075
287,82.03714299201965,8.499929730731992e-06,0.000722015553037636,2.224637985229492,[0.17333438],0.4480438105331097
288,76.07006597518921,8.454866952334328e-06,0.0007239541009766981,2.2481141090393066,[0.17312743],0.44756086481998675
289,76.65270018577576,8.40791839706867e-06,0.0013230649683464435,2.2627198696136475,[0.17285979],0.4475758226590158
290,76.44523167610168,8.36546682592143e-06,0.000720589465345256,2.254866123199463,[0.17278232],0.4472357966005052
291,75.61910581588745,8.32340850287494e-06,0.0006310702252676492,2.286663293838501,[0.17307318],0.44721748155814933
292,76.06947326660156,8.27850299600641e-06,0.0007205702277133241,2.320399761199951,[0.17332041],0.4474986281197004
293,75.9284598827362,8.229833246886642e-06,0.0007190498290583491,2.31296706199646,[0.17347878],0.4472704139943478
294,76.35780906677246,8.183301250852537e-06,0.0013181008071114775,2.314434766769409,[0.17383088],0.4473828077820807
295,76.40034294128418,8.148581201794514e-06,0.001228887980687432,2.2593681812286377,[0.17346506],0.4475747636545156
296,76.5092101097107,8.096099946897084e-06,0.0006302302313088148,2.272200107574463,[0.17354745],0.44745064619682484
297,76.03302764892578,8.059666857462844e-06,0.0006313629405667598,2.2738513946533203,[0.17349522],0.4474759358115243
298,76.73040461540222,8.027192317072718e-06,0.0006314691240731918,2.344461441040039,[0.17377224],0.4478979578207173
299,76.61036205291748,7.9775552386252e-06,0.001315540434916329,2.3143515586853027,[0.17350846],0.44731996933240115
300,75.822105884552,7.935774169354204e-06,0.0007193190249381587,2.339120388031006,[0.17344967],0.44697691926780236
301,84.05198884010315,7.900404483507373e-06,0.0006305459955910919,2.2954111099243164,[0.17287939],0.4469629997986491
302,76.28022956848145,7.874872164137514e-06,0.000715713671525009,2.212934970855713,[0.17315344],0.44724010952014986
303,75.65438771247864,7.815450340231678e-06,0.0012267120691831224,2.3024332523345947,[0.17314829],0.44736303742134464
304,76.21312594413757,7.779339750157988e-06,0.0007160517416195944,2.2899489402770996,[0.17278229],0.44710454708833813
305,76.02369713783264,7.746909382433387e-06,0.0006303579230007017,2.313791275024414,[0.17280303],0.4471029998378905
306,76.43470191955566,7.713474120762953e-06,0.0006307204967015423,2.2830257415771484,[0.17302213],0.4470978279971641
307,77.17851042747498,7.671684828736147e-06,0.0007139377703424543,2.3210132122039795,[0.17302349],0.4469913293753262
308,76.60277509689331,7.624751075852032e-06,0.0006265959867164383,2.2707479000091553,[0.17383982],0.44788660667872654
309,95.2540431022644,7.585013777955396e-06,0.0012278437716304325,2.256074905395508,[0.17408992],0.44808949229844514
310,75.99816393852234,7.5524692402240134e-06,0.001311241136136232,2.3066787719726562,[0.17402103],0.4483233769622802
311,76.6218478679657,7.5157775469847365e-06,0.0006288090917223599,2.367236375808716,[0.1735783],0.4480160360533407
312,75.84743928909302,7.480510497259729e-06,0.0012273894244572148,2.2491211891174316,[0.1731876],0.44761426008083616
313,76.87088894844055,7.439004113152237e-06,0.0007188814197434112,2.2837538719177246,[0.17304245],0.4471134924357915
314,75.70416021347046,7.4092175399442795e-06,0.00131342818781377,2.3207733631134033,[0.17338895],0.4478820864951402
315,76.59430265426636,7.371691870261543e-06,0.0013104827189636126,2.3008217811584473,[0.17333215],0.44775168071703636
316,76.24407529830933,7.343652841385051e-06,0.001225530133524444,2.2750847339630127,[0.17318727],0.4477241316869754
317,76.10125851631165,7.301147208593761e-06,0.0012237636401550844,2.3031907081604004,[0.17344251],0.44821109790461877
318,76.92172718048096,7.269109598695422e-06,0.0006275961436585931,2.3348119258880615,[0.1736457],0.4482923326837208
319,76.46937680244446,7.232015356350985e-06,0.0006258006119423953,2.333737373352051,[0.17336887],0.44814744563849485
320,76.19990921020508,7.203378007858419e-06,0.0007097184716258198,2.311919689178467,[0.1734298],0.44810904772699306
321,76.79094314575195,7.168294933634911e-06,0.0006274203969951486,2.2799906730651855,[0.17323048],0.44742774699928134
322,76.22884392738342,7.143236000928255e-06,0.0006252166931517422,2.2334954738616943,[0.17372242],0.4480961600219373
323,76.51523852348328,7.105583293309792e-06,0.0012217267794767395,2.3368520736694336,[0.17362438],0.447985385572707
324,76.22090768814087,7.070495385619324e-06,0.0012236243273946457,2.2745749950408936,[0.17370879],0.4481516797064056
325,78.02874660491943,7.038474262088812e-06,0.0006255177368075238,2.302377939224243,[0.17349768],0.44771697363513735
326,75.6864082813263,7.0051215335098505e-06,0.0006272952032304602,2.2541584968566895,[0.17374149],0.44776522835987453
327,76.0060362815857,6.970001958706007e-06,0.0007108447171049193,2.3150720596313477,[0.17357143],0.44792428201197554
328,76.62611413002014,6.940394168708508e-06,0.0006227184178442258,2.2867848873138428,[0.17345237],0.4476489665421432
329,75.87183976173401,6.908088565182879e-06,0.000709423009539023,2.3818559646606445,[0.17348916],0.44779976953266387
330,76.52870655059814,6.881629557753399e-06,0.0006243901607376756,2.3262364864349365,[0.17400067],0.44836828163102754
331,80.00279331207275,6.849946247555749e-06,0.0006287193855314399,2.999246120452881,[0.17364863],0.4477623326745685
332,90.5925543308258,6.816827422539973e-06,0.0012170712725492194,2.24979829788208,[0.1733964],0.4480273515380032
333,76.10498380661011,6.789137273699453e-06,0.0007057462353259325,2.245145797729492,[0.17304224],0.4477198187235332
334,76.12546300888062,6.760083081758239e-06,0.0012206143728690222,2.2549452781677246,[0.17315405],0.44755852993733963
335,76.23371005058289,6.734592668422579e-06,0.0007072145090205595,2.2414615154266357,[0.17319585],0.44738662416810676
336,76.48401141166687,6.703905039984193e-06,0.0006214699277506952,2.278730630874634,[0.17304882],0.4476239123929658
337,77.04134035110474,6.668151183220061e-06,0.0006234154520825541,2.274203062057495,[0.17341777],0.4476657250937318
338,75.89602375030518,6.649506175904207e-06,0.0006206209524748374,2.2199912071228027,[0.17348038],0.44747798008939627
339,75.99208688735962,6.612724961385652e-06,0.0007052395958453417,2.3924412727355957,[0.17387128],0.4475295605603134
340,76.3930938243866,6.58360006511316e-06,0.001215555428643711,2.270444869995117,[0.17384941],0.44750749999758516
341,76.47096705436707,6.558360725605894e-06,0.0007033871079329401,2.2615561485290527,[0.1737492],0.4473874091724349
342,76.03357815742493,6.528062852950711e-06,0.0006200902108730588,2.2568156719207764,[0.17365778],0.44784624200315387
343,81.67521834373474,6.501396848435093e-06,0.0012974325691175181,3.2860724925994873,[0.17378464],0.44784325231103567
344,77.4155113697052,6.480365401628774e-06,0.0006219229298949358,2.259423017501831,[0.17358203],0.4476527009123738
345,76.38276720046997,6.4466900173698605e-06,0.0006192725606410932,2.356794834136963,[0.17378188],0.44772127975038484
346,79.54632234573364,6.416722632351934e-06,0.0006207067085597373,2.4198362827301025,[0.17386919],0.44821178015053076
347,83.03409576416016,6.391207799438803e-06,0.001295793668305123,2.376528739929199,[0.17350116],0.44796926683622174
348,82.5543749332428,6.372271416310582e-06,0.0012973750676792406,2.4372403621673584,[0.17400598],0.4481861390137267
349,83.48242545127869,6.336795124184391e-06,0.0007011643174337223,2.4183189868927,[0.17336767],0.44742235445369805
350,82.4593334197998,6.314970063314718e-06,0.0007008156826486811,2.453662633895874,[0.17384404],0.4480079113787295
351,82.80292510986328,6.2922469741266696e-06,0.0006204037667885132,2.47760009765625,[0.17431417],0.44853864924810377
352,83.37981963157654,6.265565431817777e-06,0.0012139810787630267,2.443060874938965,[0.17425499],0.44851262309743245
353,88.31037473678589,6.2390729222983055e-06,0.0006219921460797195,3.104534387588501,[0.17398203],0.44802432684565424
354,91.42169523239136,6.2108094258661595e-06,0.0007001737540122122,2.3321967124938965,[0.1740694],0.44765355144492963
355,80.01085877418518,6.183420317995569e-06,0.0012154211945016868,2.327501058578491,[0.17387854],0.4474326682392596
356,76.30132937431335,6.159977996134103e-06,0.0012926017116114963,2.2782108783721924,[0.17327636],0.4475553667844713
357,75.85899329185486,6.1388530134820485e-06,0.0006189302489474358,2.279529094696045,[0.17340893],0.447658549685346
358,76.72631931304932,6.112677763070451e-06,0.001292058083890879,2.2655653953552246,[0.17333578],0.4478045918152214
359,76.76689338684082,6.087042198288373e-06,0.0007013519498286769,2.3206698894500732,[0.1736054],0.4478717446167647
360,75.8079149723053,6.056364695083971e-06,0.000616288923566799,2.2680325508117676,[0.17330857],0.44749483241184634
361,76.72737097740173,6.034566142787412e-06,0.001210466813063249,2.2902615070343018,[0.17353464],0.4478670923594736
362,76.50483274459839,6.021147745727262e-06,0.0006971057300688699,2.289454460144043,[0.17340173],0.44777591267898137
363,76.36740183830261,5.989020545271728e-06,0.0006196342919793096,2.3500635623931885,[0.17349898],0.4477882684815685
364,76.30099153518677,5.9629296575991475e-06,0.0006963551131775603,2.2849020957946777,[0.17338885],0.4481023078888265
365,76.12529802322388,5.945577894905796e-06,0.0006197226211952511,2.269599199295044,[0.17318204],0.4477760560129761
366,76.21187257766724,5.925434297893162e-06,0.0006152078081527179,2.240675449371338,[0.17313793],0.44807366891615225
367,77.69475412368774,5.8970128904434205e-06,0.0006179558599797019,2.214811086654663,[0.17320168],0.44791615763643206
368,76.00581693649292,5.872900397108083e-06,0.0006956000870559365,2.275956630706787,[0.17354196],0.4482802201265445
369,76.952951669693,5.852396949279637e-06,0.0006975780706852674,2.240114212036133,[0.17372796],0.4485380159759145
370,76.30076909065247,5.829692225844951e-06,0.0012086675487807952,2.2601613998413086,[0.17365484],0.44858254626644284
371,75.97765898704529,5.809730453165685e-06,0.0012916266252886999,2.396078586578369,[0.17397018],0.44879047356419094
372,76.59973120689392,5.7847463548199585e-06,0.0006160966004244983,2.3010919094085693,[0.17368352],0.44827911368420437
373,76.2542872428894,5.7623372455850586e-06,0.0006167206902318867,2.221673011779785,[0.17372896],0.44827308498153645
374,77.3714747428894,5.73967123074226e-06,0.0006140556314448986,2.30928111076355,[0.17353739],0.44831525655011345
375,76.11550903320312,5.722752440817658e-06,0.0006197122875164496,2.2854695320129395,[0.17363977],0.44805541955256506
376,93.2867648601532,5.697833438844668e-06,0.001288808839944977,2.337703227996826,[0.17348829],0.44774105506116757
377,78.2726845741272,5.680857805501205e-06,0.000615859180015832,2.287437677383423,[0.17400607],0.44782047123548263
378,75.5813455581665,5.660068424617748e-06,0.0012864793793596618,2.260765552520752,[0.17403471],0.44776258161507093
379,76.80512952804565,5.63759773797301e-06,0.0006932493997737765,2.220611333847046,[0.1743931],0.44807032179284334
380,76.04780077934265,5.617216380926493e-06,0.00069293228443712,2.2583813667297363,[0.17434158],0.4482209970712736
381,76.5407440662384,5.596179098787957e-06,0.0012062143723596819,2.2616968154907227,[0.17446739],0.44825648777298255
382,75.86985754966736,5.579401534561157e-06,0.0006132625167083461,2.253079414367676,[0.17438001],0.4483144179363977
383,75.55584764480591,5.560663852932635e-06,0.0012039985376759432,2.2540109157562256,[0.17418752],0.44812476986342265
384,76.60537147521973,5.535843216719627e-06,0.0012843189047089254,2.298637628555298,[0.17392067],0.44856572764312025
385,77.81803846359253,5.5155530258588215e-06,0.0012856863031629473,2.3311526775360107,[0.17387359],0.44829406648613723
386,76.57666158676147,5.496853171749194e-06,0.0006914559053257108,2.3451457023620605,[0.17377233],0.4478808684928009
387,75.64898777008057,5.4760404388787265e-06,0.0006127448727966112,2.3068466186523438,[0.17399431],0.44764746015110307
388,76.58450102806091,5.4522470538387324e-06,0.0012068437717971392,2.32708477973938,[0.17405146],0.44814386767389686
389,76.01894235610962,5.435356234428923e-06,0.0006116203122701336,2.2687766551971436,[0.17393671],0.44777872433804444
390,75.86221623420715,5.422378094976921e-06,0.0006120248315255594,2.2451276779174805,[0.17365599],0.44761432182716265
391,84.00288200378418,5.3974821732083456e-06,0.001204881576995831,2.28458309173584,[0.17368861],0.4477704942578797
392,76.47194194793701,5.3780856212881645e-06,0.0006917676655575633,2.328146457672119,[0.17356733],0.44776469923640533
393,76.05119013786316,5.355813435414802e-06,0.001202866536914371,2.334244728088379,[0.17373677],0.44813451423357015
394,75.87845969200134,5.3363664100913866e-06,0.0012052884048898704,2.281207323074341,[0.17330459],0.44781617426664605
395,76.23228812217712,5.321052256590519e-06,0.0006120571124483831,2.347477912902832,[0.17325698],0.4476675827451374
396,76.26636171340942,5.301509974131591e-06,0.0006126702901383396,2.2453877925872803,[0.1734902],0.4475022020947808
397,78.14206981658936,5.283341842243772e-06,0.0006885677285026759,2.317732810974121,[0.17342263],0.4476323070021422
398,81.03785943984985,5.265909411633629e-06,0.000612610092957766,3.0804026126861572,[0.17335886],0.4474842407255559
399,89.44515419006348,5.245330678249616e-06,0.000611307943245265,2.2695252895355225,[0.17365892],0.44793161123145675
